halo,q,mass,time_Gyr,theta_plane,delta_L,sigma_perp,sigma_parallel,theta_plane_mean,theta_plane_max,precession_max,precession_slope,thickness_slope,elongation_ratio,oscillation_amp,dominant_frequency,oscillation_power,n_particles,A_omega,B_omega,fz_mean,Omega_norm,delta_A_omega,delta_B_omega,delta_fz_mean,delta_Omega_norm
spherical,1.0,8000.0,"[-4.   -3.98 -3.96 -3.94 -3.92 -3.9  -3.88 -3.86 -3.84 -3.82 -3.8  -3.78
 -3.76 -3.74 -3.72 -3.7  -3.68 -3.66 -3.64 -3.62 -3.6  -3.58 -3.56 -3.54
 -3.52 -3.5  -3.48 -3.46 -3.44 -3.42 -3.4  -3.38 -3.36 -3.34 -3.32 -3.3
 -3.28 -3.26 -3.24 -3.22 -3.2  -3.18 -3.16 -3.14 -3.12 -3.1  -3.08 -3.06
 -3.04 -3.02 -3.   -2.98 -2.96 -2.94 -2.92 -2.9  -2.88 -2.86 -2.84 -2.82
 -2.8  -2.78 -2.76 -2.74 -2.72 -2.7  -2.68 -2.66 -2.64 -2.62 -2.6  -2.58
 -2.56 -2.54 -2.52 -2.5  -2.48 -2.46 -2.44 -2.42 -2.4  -2.38 -2.36 -2.34
 -2.32 -2.3  -2.28 -2.26 -2.24 -2.22 -2.2  -2.18 -2.16 -2.14 -2.12 -2.1
 -2.08 -2.06 -2.04 -2.02 -2.   -1.98 -1.96 -1.94 -1.92 -1.9  -1.88 -1.86
 -1.84 -1.82 -1.8  -1.78 -1.76 -1.74 -1.72 -1.7  -1.68 -1.66 -1.64 -1.62
 -1.6  -1.58 -1.56 -1.54 -1.52 -1.5  -1.48 -1.46 -1.44 -1.42 -1.4  -1.38
 -1.36 -1.34 -1.32 -1.3  -1.28 -1.26 -1.24 -1.22 -1.2  -1.18 -1.16 -1.14
 -1.12 -1.1  -1.08 -1.06 -1.04 -1.02 -1.   -0.98 -0.96 -0.94 -0.92 -0.9
 -0.88 -0.86 -0.84 -0.82 -0.8  -0.78 -0.76 -0.74 -0.72 -0.7  -0.68 -0.66
 -0.64 -0.62 -0.6  -0.58 -0.56 -0.54 -0.52 -0.5  -0.48 -0.46 -0.44 -0.42
 -0.4  -0.38 -0.36 -0.34 -0.32 -0.3  -0.28 -0.26 -0.24 -0.22 -0.2  -0.18
 -0.16 -0.14 -0.12 -0.1  -0.08 -0.06 -0.04 -0.02]","[89.65342939 89.79554729 89.99082258 89.77941986 89.62479161 89.59973736
 89.64171349 89.70377698 89.7677124  89.826949   89.87922755 89.92423516
 89.96294468 89.99763198 89.96793237 89.92868377 89.87904738 89.81551328
 89.74782231 89.71921951 89.76167831 89.82879132 89.88479515 89.92669112
 89.95834054 89.98300305 89.99698972 89.97964091 89.96288037 89.94458908
 89.9229249  89.89703997 89.87020113 89.85742531 89.87820609 89.91870283
 89.95366686 89.97830796 89.99549141 89.99214866 89.98286622 89.97535194
 89.96847691 89.96134538 89.95347061 89.94504194 89.93801086 89.9387233
 89.95526241 89.98031983 89.99935448 89.98950843 89.98328869 89.97986751
 89.9780639  89.9771252  89.97654491 89.9761131  89.97598398 89.97675188
 89.97984641 89.98826434 89.99573564 89.97923505 89.97125522 89.97020597
 89.97215007 89.97515988 89.97849063 89.98183431 89.98512935 89.98858032
 89.99264341 89.99800719 89.99428491 89.98280454 89.96786139 89.95666184
 89.95580404 89.96148286 89.96878616 89.97581289 89.982137   89.98778885
 89.99301278 89.99824147 89.99597321 89.98901788 89.98020091 89.96894417
 89.95648357 89.94924857 89.95247134 89.96166005 89.97152199 89.98022166
 89.98756443 89.99381061 89.99938232 89.99520649 89.98944638 89.98288935
 89.97516255 89.96619538 89.95739942 89.95368934 89.95883545 89.96874194
 89.97861903 89.98690845 89.99359738 89.99906984 89.99619374 89.99171516
 89.98711592 89.98214858 89.9767068  89.97102559 89.96639908 89.96600747
 89.97173798 89.98028275 89.98818356 89.99446522 89.99928448 89.99694466
 89.9937867  89.99088494 89.98803731 89.98519012 89.98243248 89.98015805
 89.97945433 89.98199673 89.98761306 89.99359117 89.99829646 89.99837382
 89.99607992 89.99444912 89.99316796 89.99205192 89.99108266 89.99036297
 89.99009679 89.99071783 89.9930868  89.99782879 89.99698549 89.99392205
 89.99277908 89.9926299  89.9929363  89.99341068 89.99390484 89.99442045
 89.99509824 89.996142   89.99779221 89.99956969 89.99531751 89.98941905
 89.98485416 89.98437939 89.98638954 89.98899152 89.99146108 89.99361373
 89.99547327 89.99720674 89.9990658  89.99870661 89.99589838 89.99224164
 89.98735023 89.98145828 89.97774729 89.97914338 89.983331   89.98776158
 89.9915905  89.99473534 89.9973652  89.99976343 89.99776929 89.99500869
 89.99181524 89.98806161 89.98359454 89.97874745 89.97620196 89.97865422
 89.98376865 89.98885092 89.993064   89.99641664 89.9991719  89.9983377
 89.99582705 89.99313646]","[0. 0. 0. 0. 0. 0. 0. 0. 0. 0. 0. 0. 0. 0. 0. 0. 0. 0. 0. 0. 0. 0. 0. 0.
 0. 0. 0. 0. 0. 0. 0. 0. 0. 0. 0. 0. 0. 0. 0. 0. 0. 0. 0. 0. 0. 0. 0. 0.
 0. 0. 0. 0. 0. 0. 0. 0. 0. 0. 0. 0. 0. 0. 0. 0. 0. 0. 0. 0. 0. 0. 0. 0.
 0. 0. 0. 0. 0. 0. 0. 0. 0. 0. 0. 0. 0. 0. 0. 0. 0. 0. 0. 0. 0. 0. 0. 0.
 0. 0. 0. 0. 0. 0. 0. 0. 0. 0. 0. 0. 0. 0. 0. 0. 0. 0. 0. 0. 0. 0. 0. 0.
 0. 0. 0. 0. 0. 0. 0. 0. 0. 0. 0. 0. 0. 0. 0. 0. 0. 0. 0. 0. 0. 0. 0. 0.
 0. 0. 0. 0. 0. 0. 0. 0. 0. 0. 0. 0. 0. 0. 0. 0. 0. 0. 0. 0. 0. 0. 0. 0.
 0. 0. 0. 0. 0. 0. 0. 0. 0. 0. 0. 0. 0. 0. 0. 0. 0. 0. 0. 0. 0. 0. 0. 0.
 0. 0. 0. 0. 0. 0. 0. 0.]","[0.02331183 0.03065953 0.04399944 0.05460262 0.05826734 0.05549209
 0.04927154 0.0423547  0.03738575 0.03666425 0.04040384 0.04644759
 0.05218839 0.05557131 0.05516517 0.05023953 0.0414426  0.03359228
 0.03691005 0.04730512 0.05070926 0.04616797 0.03974273 0.03648485
 0.03842037 0.04380852 0.0496365  0.05363947 0.05447799 0.05167197
 0.04584953 0.03974598 0.03931235 0.04644481 0.05122553 0.04756644
 0.04063918 0.03717278 0.03954782 0.04539518 0.0514336  0.0554824
 0.05633983 0.05379161 0.048972   0.04486474 0.04596269 0.05283129
 0.05734996 0.05310284 0.04529807 0.04195558 0.04508004 0.05143856
 0.05764603 0.0616582  0.06232741 0.05964726 0.05543248 0.05334403
 0.05717784 0.06604422 0.07184013 0.06760563 0.05873528 0.05452182
 0.05701096 0.06285137 0.06872888 0.07261392 0.07322636 0.07058803
 0.06714188 0.06723237 0.07419644 0.08626229 0.09502574 0.0920251
 0.08180081 0.07513404 0.07524694 0.07940176 0.08445222 0.08826382
 0.08923312 0.08713962 0.08475472 0.08692844 0.09686831 0.11257802
 0.12542818 0.12474081 0.1129055  0.10244754 0.09885783 0.10048407
 0.1044216  0.10834944 0.11016746 0.10912201 0.10793396 0.11182582
 0.12431483 0.14373201 0.16140691 0.16410446 0.15077942 0.13561762
 0.1273448  0.12583118 0.12847109 0.13266841 0.13567521 0.13597557
 0.13593664 0.14109179 0.15565795 0.17872168 0.20181477 0.20912473
 0.19494839 0.17456783 0.16081028 0.15558275 0.15665173 0.16106543
 0.16533063 0.16704628 0.16803373 0.17407699 0.19034063 0.21698939
 0.24603822 0.25933715 0.24544508 0.21967201 0.19968509 0.19005808
 0.18906483 0.19336638 0.1986994  0.20174968 0.20367894 0.21041563
 0.22815422 0.25835829 0.29382598 0.31452402 0.30244747 0.27139083
 0.24441268 0.22952255 0.22573513 0.22935977 0.23539592 0.23964209
 0.24252454 0.24995801 0.26910231 0.3028404  0.34505633 0.37445658
 0.3660034  0.33002667 0.29526515 0.27408602 0.26659276 0.26883364
 0.27512785 0.28042651 0.28435847 0.29263471 0.31321461 0.35043384
 0.3995507  0.43874766 0.43591146 0.39565925 0.35233915 0.32374803
 0.31154283 0.3116346  0.31771419 0.32391645 0.32901841 0.33833537
 0.3604129  0.40100745 0.45700459 0.50684616 0.51175249 0.46822389
 0.41567028 0.37851722 0.36055767 0.35771037 0.36307404 0.36998541
 0.37632829 0.38685585]","[0.09777914 0.09766627 0.09831546 0.10217597 0.11244073 0.12912445
 0.15024754 0.17454321 0.20125908 0.22951396 0.25777863 0.28335166
 0.30200835 0.30867368 0.30009543 0.27789415 0.24829858 0.21946812
 0.20020378 0.2003967  0.22663649 0.27434248 0.33477154 0.40164229
 0.46986886 0.53324722 0.58294926 0.60814937 0.60074484 0.56164663
 0.50105159 0.43323402 0.37360352 0.33933019 0.34635631 0.39688505
 0.47822185 0.57652862 0.68095031 0.780668   0.8619489  0.90822995
 0.90619878 0.85509611 0.7682413  0.66548309 0.56778114 0.49797759
 0.48007242 0.52513599 0.6208799  0.74680319 0.88555251 1.02121084
 1.13511708 1.20511132 1.21238968 1.15348548 1.04376629 0.90829906
 0.77359156 0.66767684 0.62147655 0.65541574 0.76055133 0.91096569
 1.08247609 1.25373649 1.40118328 1.49726777 1.51758587 1.45507219
 1.32594259 1.15989647 0.98899145 0.84633717 0.76905615 0.78698121
 0.8968511  1.06871793 1.27138941 1.47778302 1.65944197 1.7836601
 1.82047233 1.75852339 1.61365806 1.41940531 1.2132524  1.03337148
 0.92258148 0.9199638  1.02995655 1.2201444  1.45224951 1.69313363
 1.90941856 2.06346818 2.11990574 2.06260476 1.90588431 1.68612557
 1.44596177 1.22862396 1.08224505 1.05482697 1.16027606 1.36549358
 1.62514605 1.89969762 2.15077542 2.33601979 2.41486521 2.36612834
 2.20157557 1.95934795 1.6867606  1.43205801 1.24838301 1.19218198
 1.28833678 1.5051017  1.79024493 2.09746486 2.38327332 2.60076165
 2.70444053 2.66795296 2.49965254 2.23830006 1.93525261 1.6436404
 1.42136241 1.33271009 1.4147397  1.63936046 1.94776268 2.28648319
 2.60675007 2.85724213 2.987828   2.9669964  2.79901264 2.52213366
 2.19096681 1.86328886 1.6015254  1.47712094 1.5401395  1.76870099
 2.09795247 2.46684508 2.82110659 3.10509846 3.2643269  3.2622486
 3.09854943 2.80992992 2.45334245 2.09084444 1.78915634 1.62612402
 1.66523478 1.89358569 2.24109584 2.63867927 3.02629726 3.34404686
 3.53333539 3.55278213 3.39717392 3.100714   2.72172623 2.32605567
 1.9844595  1.78040476 1.79076321 2.01450465 2.37749808 2.8021456
 3.22232323 3.5738742  3.79434536 3.83775897 3.693834   3.39347382
 2.9953777  2.56857058 2.18754331 1.94060217 1.91749859 2.13197537
 2.50748553 2.95743152 3.40922702 3.79443047 4.04693585 4.11643295
 3.98753017 3.68717977]",89.96045427616426,89.99976343090786,0.0,0.0,0.1537309484645785,10.051009791554288,4.058779186531583,0.25,53.56846495156859,3000,0.5760105157435773,0.9999999999999994,0.4465900667564263,28.78023207556601,0.0,0.0,0.0,0.0
spherical,1.0,10000.0,"[-4.   -3.98 -3.96 -3.94 -3.92 -3.9  -3.88 -3.86 -3.84 -3.82 -3.8  -3.78
 -3.76 -3.74 -3.72 -3.7  -3.68 -3.66 -3.64 -3.62 -3.6  -3.58 -3.56 -3.54
 -3.52 -3.5  -3.48 -3.46 -3.44 -3.42 -3.4  -3.38 -3.36 -3.34 -3.32 -3.3
 -3.28 -3.26 -3.24 -3.22 -3.2  -3.18 -3.16 -3.14 -3.12 -3.1  -3.08 -3.06
 -3.04 -3.02 -3.   -2.98 -2.96 -2.94 -2.92 -2.9  -2.88 -2.86 -2.84 -2.82
 -2.8  -2.78 -2.76 -2.74 -2.72 -2.7  -2.68 -2.66 -2.64 -2.62 -2.6  -2.58
 -2.56 -2.54 -2.52 -2.5  -2.48 -2.46 -2.44 -2.42 -2.4  -2.38 -2.36 -2.34
 -2.32 -2.3  -2.28 -2.26 -2.24 -2.22 -2.2  -2.18 -2.16 -2.14 -2.12 -2.1
 -2.08 -2.06 -2.04 -2.02 -2.   -1.98 -1.96 -1.94 -1.92 -1.9  -1.88 -1.86
 -1.84 -1.82 -1.8  -1.78 -1.76 -1.74 -1.72 -1.7  -1.68 -1.66 -1.64 -1.62
 -1.6  -1.58 -1.56 -1.54 -1.52 -1.5  -1.48 -1.46 -1.44 -1.42 -1.4  -1.38
 -1.36 -1.34 -1.32 -1.3  -1.28 -1.26 -1.24 -1.22 -1.2  -1.18 -1.16 -1.14
 -1.12 -1.1  -1.08 -1.06 -1.04 -1.02 -1.   -0.98 -0.96 -0.94 -0.92 -0.9
 -0.88 -0.86 -0.84 -0.82 -0.8  -0.78 -0.76 -0.74 -0.72 -0.7  -0.68 -0.66
 -0.64 -0.62 -0.6  -0.58 -0.56 -0.54 -0.52 -0.5  -0.48 -0.46 -0.44 -0.42
 -0.4  -0.38 -0.36 -0.34 -0.32 -0.3  -0.28 -0.26 -0.24 -0.22 -0.2  -0.18
 -0.16 -0.14 -0.12 -0.1  -0.08 -0.06 -0.04 -0.02]","[89.5264126  89.51732496 89.54517238 89.63271511 89.77728927 89.91427789
 89.98708347 89.92163325 89.88036368 89.85653227 89.84531666 89.84318096
 89.84753085 89.8567293  89.87055931 89.89078114 89.92106012 89.96603288
 89.97169187 89.90290633 89.85849469 89.84693883 89.85277072 89.86577478
 89.88190728 89.89954665 89.91801212 89.93725373 89.95801159 89.98195646
 89.98853607 89.95103916 89.90521663 89.85937938 89.83481002 89.84082107
 89.86253927 89.88750016 89.91149114 89.93366966 89.95418979 89.97363651
 89.99303627 89.98615281 89.9622887  89.93397342 89.90124718 89.86944038
 89.85346007 89.86368474 89.88909927 89.91649569 89.94108161 89.96226413
 89.98059732 89.99693466 89.98768169 89.9720989  89.95527172 89.93652938
 89.91618644 89.89752704 89.88967207 89.90093249 89.92456112 89.94915283
 89.97013829 89.98716494 89.99900369 89.98744508 89.97724587 89.96759714
 89.95795578 89.94818472 89.93881244 89.93184062 89.93193264 89.94358516
 89.96278011 89.98147723 89.99635166 89.99254108 89.98433212 89.97816603
 89.97334575 89.96940862 89.96622107 89.96401686 89.96345259 89.96574901
 89.97256743 89.98444926 89.99821763 89.99043103 89.98277172 89.97815295
 89.97567199 89.97463883 89.97461872 89.97546552 89.97735444 89.98074193
 89.98631213 89.99480599 89.99384984 89.98212321 89.97370179 89.96974696
 89.96913491 89.97051179 89.97300265 89.97614655 89.97977937 89.98401539
 89.98923101 89.99597223 89.99514725 89.98370631 89.97057428 89.9598031
 89.95602467 89.9583966  89.96360413 89.96963432 89.97570179 89.98160155
 89.98741455 89.99344187 89.99984536 89.99192449 89.98233124 89.97088962
 89.95867785 89.94996101 89.94987502 89.95676109 89.96582835 89.97462625
 89.98252387 89.98956265 89.99601632 89.99770768 89.99113857 89.98386294
 89.9756147  89.96642591 89.95728938 89.95171674 89.95439601 89.96367338
 89.97431426 89.98381153 89.99175458 89.99839118 89.99588129 89.99062614
 89.98544754 89.98009465 89.97451361 89.96891197 89.96409861 89.96239128
 89.96705766 89.97670245 89.98671949 89.99502039 89.99852507 89.99352332
 89.98952841 89.98614091 89.98308869 89.98030209 89.97791985 89.97628081
 89.97601058 89.97824587 89.98425622 89.99265519 89.9997078  89.99403391
 89.99012947 89.98752478 89.98579659 89.98463431 89.98391179 89.98372695
 89.98436382 89.98623346 89.98980684 89.99532424 89.99793259 89.99181291
 89.98763503 89.98536667 89.98447742 89.98449044 89.98506532 89.98601477
 89.98735745 89.98932034]","[0. 0. 0. 0. 0. 0. 0. 0. 0. 0. 0. 0. 0. 0. 0. 0. 0. 0. 0. 0. 0. 0. 0. 0.
 0. 0. 0. 0. 0. 0. 0. 0. 0. 0. 0. 0. 0. 0. 0. 0. 0. 0. 0. 0. 0. 0. 0. 0.
 0. 0. 0. 0. 0. 0. 0. 0. 0. 0. 0. 0. 0. 0. 0. 0. 0. 0. 0. 0. 0. 0. 0. 0.
 0. 0. 0. 0. 0. 0. 0. 0. 0. 0. 0. 0. 0. 0. 0. 0. 0. 0. 0. 0. 0. 0. 0. 0.
 0. 0. 0. 0. 0. 0. 0. 0. 0. 0. 0. 0. 0. 0. 0. 0. 0. 0. 0. 0. 0. 0. 0. 0.
 0. 0. 0. 0. 0. 0. 0. 0. 0. 0. 0. 0. 0. 0. 0. 0. 0. 0. 0. 0. 0. 0. 0. 0.
 0. 0. 0. 0. 0. 0. 0. 0. 0. 0. 0. 0. 0. 0. 0. 0. 0. 0. 0. 0. 0. 0. 0. 0.
 0. 0. 0. 0. 0. 0. 0. 0. 0. 0. 0. 0. 0. 0. 0. 0. 0. 0. 0. 0. 0. 0. 0. 0.
 0. 0. 0. 0. 0. 0. 0. 0.]","[0.02587367 0.03349416 0.04767181 0.05902786 0.06297155 0.06001336
 0.05338389 0.04606036 0.04087712 0.04022602 0.0442605  0.05068568
 0.05674656 0.06026154 0.05971064 0.05433021 0.04485709 0.03653744
 0.04028572 0.05158791 0.05537377 0.05063545 0.04387887 0.04042447
 0.04235444 0.04790242 0.05395587 0.05812475 0.05897872 0.0560164
 0.04996429 0.04383157 0.04385571 0.05171621 0.05687292 0.05292575
 0.04544478 0.04153881 0.04373904 0.04970833 0.05604203 0.06039846
 0.06145506 0.05898082 0.0542648  0.05056769 0.05248007 0.06024356
 0.06515329 0.06039313 0.0516399  0.04750694 0.0503016  0.05682087
 0.06347475 0.06799398 0.06905606 0.06663245 0.06275892 0.06140494
 0.06641884 0.07662092 0.08320886 0.07846652 0.06822662 0.06274157
 0.06460012 0.07050696 0.07689305 0.08142995 0.0825877  0.08033814
 0.07738593 0.07843764 0.08695955 0.10098058 0.11125815 0.1080536
 0.09608821 0.08754448 0.0865333  0.09047004 0.09595073 0.10047061
 0.10209295 0.1004991  0.09872678 0.10205743 0.11396121 0.13233853
 0.14762315 0.14729917 0.13342539 0.12035693 0.11496592 0.11592609
 0.12009196 0.12470252 0.12724348 0.12680741 0.12635826 0.13160945
 0.14647886 0.16930615 0.19046074 0.1943443  0.17880737 0.16019488
 0.14927375 0.14650155 0.14905536 0.15382657 0.15758025 0.15859438
 0.15943659 0.16616221 0.18351472 0.21072908 0.23843626 0.24802333
 0.23166483 0.20693451 0.18952571 0.1823019  0.18284743 0.18762555
 0.19259446 0.19510394 0.19712177 0.20495265 0.22439471 0.25592402
 0.29079066 0.30773727 0.29198561 0.26096366 0.23617375 0.22365009
 0.22154789 0.22587893 0.23178264 0.23566385 0.23877222 0.24752551
 0.26883213 0.30463873 0.34717809 0.37316486 0.35992671 0.32278447
 0.28970402 0.27082871 0.26517017 0.26834196 0.27470967 0.2797691
 0.2839764  0.2936772  0.31679168 0.35685012 0.4074168  0.44398167
 0.4355052  0.39273641 0.35042869 0.32396515 0.31364004 0.31478421
 0.32105561 0.32708749 0.33248369 0.34330496 0.36827851 0.41253144
 0.47127419 0.51968856 0.51845099 0.47090982 0.41846843 0.3830707
 0.36686232 0.36504499 0.37062636 0.37741074 0.38410005 0.39626224
 0.42317767 0.47150977 0.53837609 0.59959473 0.60822521 0.55721669
 0.49386413 0.44815821 0.42480917 0.41906803 0.42333073 0.43058992
 0.43861043 0.45229304]","[0.10577608 0.10565732 0.10636577 0.110543   0.12162999 0.13965251
 0.16248106 0.18874683 0.21763595 0.2481968  0.27877893 0.30646621
 0.32669548 0.33397746 0.32477742 0.30081797 0.26881398 0.2375856
 0.21666022 0.2167535  0.2450268  0.29655311 0.36187294 0.43418554
 0.50799076 0.57658821 0.63044832 0.65787786 0.65009008 0.60799617
 0.54255747 0.46918675 0.40454195 0.36720213 0.37449142 0.42890673
 0.51673676 0.62298728 0.73590339 0.84379301 0.93184215 0.98219234
 0.98043973 0.92562471 0.83198649 0.72091812 0.61506914 0.53913748
 0.51918424 0.56742239 0.67065135 0.80664705 0.95659859 1.10329258
 1.22661083 1.30271029 1.31130618 1.24844785 1.13043076 0.98418745
 0.83834384 0.72319854 0.67230507 0.70814254 0.82126197 0.98355538
 1.16878133 1.35383902 1.51333847 1.6177056  1.64070739 1.57446366
 1.43597798 1.25701297 1.07214014 0.91713343 0.83224453 0.85028634
 0.96816801 1.15340168 1.37209665 1.59492266 1.79123207 1.9259956
 1.96712606 1.90211282 1.74732067 1.53838685 1.31564271 1.1203115
 0.9987818  0.99402092 1.11157449 1.31628669 1.56650165 1.82630276
 2.05975829 2.22665112 2.28924834 2.22994918 2.06323293 1.82746944
 1.56836385 1.33255956 1.17215019 1.13987477 1.25193354 1.47248506
 1.75209606 2.04787816 2.31854084 2.5189188  2.60591261 2.55658941
 2.38246622 2.12339582 1.82985746 1.55382052 1.35273231 1.28853869
 1.38982435 1.62236348 1.92906183 2.25963832 2.56731803 2.80218798
 2.9160963  2.88071724 2.70373721 2.42521954 2.09961886 1.78402522
 1.54093519 1.44078242 1.52590743 1.76634698 2.09763613 2.46163886
 2.8059184  3.07596931 3.21890904 3.20109812 3.02574397 2.73190254
 2.37704479 2.02303441 1.73712788 1.59741004 1.66090605 1.90490283
 2.2580961  2.6539862  3.03424349 3.33987773 3.51358567 3.51659366
 3.34719202 3.04232673 2.66142006 2.2706088  1.94160393 1.75922772
 1.79559846 2.03853183 2.41074902 2.83682695 3.25225533 3.59361896
 3.79947901 3.82617269 3.66682196 3.35531642 2.95191915 2.52639306
 2.15455513 1.92701404 1.9308143  2.16776432 2.55592592 3.0103411
 3.45996793 3.83697917 4.07605261 4.12891792 3.9834341  3.66966498
 3.24761703 2.78990856 2.37605186 2.10148989 2.06743242 2.29316029
 2.69397848 3.1747382  3.65744161 4.06981658 4.34287251 4.42402746
 4.29590694 3.98416092]",89.94931101569749,89.99984535915338,0.0,0.0,0.1810855833233012,9.23820474845824,3.6678957166574775,0.25,54.130974299436815,3000,0.5760105157435773,0.9999999999999994,0.4465900667564263,28.78023207556601,0.0,0.0,0.0,0.0
spherical,1.0,20000.0,"[-4.   -3.98 -3.96 -3.94 -3.92 -3.9  -3.88 -3.86 -3.84 -3.82 -3.8  -3.78
 -3.76 -3.74 -3.72 -3.7  -3.68 -3.66 -3.64 -3.62 -3.6  -3.58 -3.56 -3.54
 -3.52 -3.5  -3.48 -3.46 -3.44 -3.42 -3.4  -3.38 -3.36 -3.34 -3.32 -3.3
 -3.28 -3.26 -3.24 -3.22 -3.2  -3.18 -3.16 -3.14 -3.12 -3.1  -3.08 -3.06
 -3.04 -3.02 -3.   -2.98 -2.96 -2.94 -2.92 -2.9  -2.88 -2.86 -2.84 -2.82
 -2.8  -2.78 -2.76 -2.74 -2.72 -2.7  -2.68 -2.66 -2.64 -2.62 -2.6  -2.58
 -2.56 -2.54 -2.52 -2.5  -2.48 -2.46 -2.44 -2.42 -2.4  -2.38 -2.36 -2.34
 -2.32 -2.3  -2.28 -2.26 -2.24 -2.22 -2.2  -2.18 -2.16 -2.14 -2.12 -2.1
 -2.08 -2.06 -2.04 -2.02 -2.   -1.98 -1.96 -1.94 -1.92 -1.9  -1.88 -1.86
 -1.84 -1.82 -1.8  -1.78 -1.76 -1.74 -1.72 -1.7  -1.68 -1.66 -1.64 -1.62
 -1.6  -1.58 -1.56 -1.54 -1.52 -1.5  -1.48 -1.46 -1.44 -1.42 -1.4  -1.38
 -1.36 -1.34 -1.32 -1.3  -1.28 -1.26 -1.24 -1.22 -1.2  -1.18 -1.16 -1.14
 -1.12 -1.1  -1.08 -1.06 -1.04 -1.02 -1.   -0.98 -0.96 -0.94 -0.92 -0.9
 -0.88 -0.86 -0.84 -0.82 -0.8  -0.78 -0.76 -0.74 -0.72 -0.7  -0.68 -0.66
 -0.64 -0.62 -0.6  -0.58 -0.56 -0.54 -0.52 -0.5  -0.48 -0.46 -0.44 -0.42
 -0.4  -0.38 -0.36 -0.34 -0.32 -0.3  -0.28 -0.26 -0.24 -0.22 -0.2  -0.18
 -0.16 -0.14 -0.12 -0.1  -0.08 -0.06 -0.04 -0.02]","[89.85693174 89.84536004 89.83815158 89.85321322 89.90613764 89.97076229
 89.97764879 89.94293945 89.92240366 89.91274119 89.91111688 89.91516484
 89.92286792 89.93259776 89.94343337 89.95544763 89.96956227 89.98787946
 89.98463833 89.94623743 89.91696484 89.91035198 89.91676545 89.92778746
 89.94000776 89.95213603 89.96361823 89.97429069 89.98445846 89.99495305
 89.99306456 89.97821553 89.9587455  89.93447307 89.9156278  89.9155224
 89.92817611 89.94361637 89.9579352  89.97032228 89.98084866 89.98987842
 89.99804856 89.99376056 89.98461166 89.97361009 89.95991286 89.94383038
 89.93158792 89.93326962 89.94583435 89.96030898 89.97288706 89.98303384
 89.9910999  89.99764561 89.99663612 89.99099611 89.98477851 89.97747092
 89.96873274 89.95909128 89.95251471 89.95541989 89.96581137 89.97692751
 89.98595506 89.99273753 89.9977637  89.99838036 89.99509127 89.99183674
 89.98824702 89.98411107 89.97941176 89.9748215  89.97302608 89.97729747
 89.9851216  89.9920295  89.99686052 89.99999453 89.99797226 89.99656691
 89.99535334 89.99405413 89.9925624  89.99089229 89.9892254  89.98831016
 89.99011791 89.99572037 89.9986619  89.99577777 89.99490634 89.99500835
 89.99548501 89.99597729 89.9962827  89.99637431 89.99635998 89.99640412
 89.99678722 89.99824881 89.9976855  89.99119288 89.98720469 89.98749427
 89.98969588 89.99217227 89.99433416 89.99600296 89.99719978 89.99810461
 89.99897062 89.99996052 89.99838845 89.99566528 89.99063588 89.98402569
 89.98120901 89.98351377 89.98752878 89.99124976 89.99416181 89.99627007
 89.99777973 89.99900358 89.99974175 89.99820518 89.99612389 89.99300033
 89.98805835 89.9822025  89.98036765 89.98355122 89.98805186 89.99187735
 89.99467195 89.99660061 89.99798223 89.99917296 89.99952813 89.99791747
 89.99580544 89.99286756 89.98871284 89.98432206 89.98352777 89.98672532
 89.99059457 89.99359797 89.99562961 89.99696962 89.99796517 89.99892944
 89.99992183 89.99847207 89.99662045 89.99420451 89.99117871 89.98862289
 89.98903466 89.99177187 89.99429746 89.9959209  89.99685789 89.99744661
 89.99798074 89.9986643  89.99959002 89.99922954 89.9977808  89.99603017
 89.99418965 89.99345253 89.99515619 89.9973249  89.99827279 89.99838649
 89.99822646 89.99812801 89.99827018 89.99871327 89.99941842 89.99969944
 89.99869831 89.9976313  89.99685506 89.99761252 89.99953094 89.99780733
 89.99824158 89.99937944 89.99963385 89.99907423 89.99897702 89.99926003
 89.99977331 89.99963945]","[0. 0. 0. 0. 0. 0. 0. 0. 0. 0. 0. 0. 0. 0. 0. 0. 0. 0. 0. 0. 0. 0. 0. 0.
 0. 0. 0. 0. 0. 0. 0. 0. 0. 0. 0. 0. 0. 0. 0. 0. 0. 0. 0. 0. 0. 0. 0. 0.
 0. 0. 0. 0. 0. 0. 0. 0. 0. 0. 0. 0. 0. 0. 0. 0. 0. 0. 0. 0. 0. 0. 0. 0.
 0. 0. 0. 0. 0. 0. 0. 0. 0. 0. 0. 0. 0. 0. 0. 0. 0. 0. 0. 0. 0. 0. 0. 0.
 0. 0. 0. 0. 0. 0. 0. 0. 0. 0. 0. 0. 0. 0. 0. 0. 0. 0. 0. 0. 0. 0. 0. 0.
 0. 0. 0. 0. 0. 0. 0. 0. 0. 0. 0. 0. 0. 0. 0. 0. 0. 0. 0. 0. 0. 0. 0. 0.
 0. 0. 0. 0. 0. 0. 0. 0. 0. 0. 0. 0. 0. 0. 0. 0. 0. 0. 0. 0. 0. 0. 0. 0.
 0. 0. 0. 0. 0. 0. 0. 0. 0. 0. 0. 0. 0. 0. 0. 0. 0. 0. 0. 0. 0. 0. 0. 0.
 0. 0. 0. 0. 0. 0. 0. 0.]","[0.03247211 0.04190087 0.05933853 0.07301863 0.07746816 0.07360772
 0.06537044 0.05636627 0.05008466 0.04945269 0.05458308 0.06260264
 0.07013084 0.07450512 0.07386635 0.06726524 0.05555488 0.04510847
 0.0495397  0.06342187 0.06808892 0.06240532 0.05435244 0.05036709
 0.05287902 0.05972905 0.06718661 0.07235835 0.07348458 0.06996961
 0.0627856  0.05569333 0.056125   0.06579494 0.07196419 0.06707865
 0.05803753 0.05334812 0.05595939 0.06320108 0.07108965 0.07675551
 0.07847815 0.07596349 0.07096836 0.0676132  0.07113081 0.08125555
 0.08730459 0.08115418 0.07002534 0.06435022 0.06704751 0.07472396
 0.08319583 0.0895334  0.09181949 0.0898897  0.08643383 0.08644617
 0.09431554 0.10827883 0.11722523 0.1111587  0.09739294 0.08891392
 0.08957113 0.09614297 0.10444686 0.1112912  0.11425975 0.11299953
 0.1109392  0.11404239 0.1265884  0.14621483 0.16094876 0.15720186
 0.1404786  0.12699952 0.12319249 0.12689481 0.13411279 0.14127401
 0.14523472 0.14509485 0.14457832 0.15049626 0.16759441 0.19368434
 0.21614502 0.21680804 0.19706966 0.17671505 0.16642551 0.165817
 0.17121596 0.1785928  0.18391148 0.18541392 0.18663606 0.19503585
 0.21629919 0.24908405 0.28059315 0.28778347 0.2655741  0.23694967
 0.21847687 0.21232985 0.21526008 0.22268464 0.22954804 0.2330253
 0.23608716 0.24662275 0.27158452 0.31104689 0.35262565 0.36866732
 0.34532427 0.30756096 0.27939216 0.26649138 0.26617439 0.2732177
 0.28147665 0.28697456 0.29188625 0.30430957 0.33259476 0.37866166
 0.43116464 0.45856485 0.43624574 0.38900169 0.34970584 0.32868265
 0.32405158 0.32992497 0.33907527 0.34639282 0.35314329 0.36739923
 0.39883536 0.45146548 0.51558327 0.55686473 0.53845766 0.48189747
 0.43004879 0.39929379 0.38894915 0.39253137 0.40179904 0.41058374
 0.41919497 0.43543781 0.47007071 0.52925997 0.60546555 0.66295002
 0.65192805 0.58672569 0.52088882 0.4785595  0.46083057 0.46077438
 0.46923147 0.47905528 0.48957653 0.50809806 0.5461229  0.61186716
 0.7003736  0.77600282 0.77627702 0.70368258 0.62247284 0.56657122
 0.5396229  0.53446593 0.54111063 0.55148869 0.56393368 0.58504162
 0.6266982  0.6989573  0.79972597 0.89496585 0.91075368 0.83272612
 0.73492529 0.66339603 0.62531693 0.6135414  0.61731434 0.62767191
 0.64193557 0.66584061]","[0.13222945 0.13220061 0.13352978 0.13962569 0.15448659 0.17781649
 0.20705175 0.24058684 0.2774335  0.31639037 0.35534772 0.39056809
 0.41620219 0.42522056 0.41310927 0.38209989 0.34085041 0.3007902
 0.27430234 0.27506037 0.31169808 0.37764146 0.4609617  0.55308369
 0.64701295 0.73420004 0.80250572 0.83709262 0.82686784 0.77302769
 0.6895081  0.59595943 0.51369902 0.46650941 0.47633541 0.54601193
 0.65799335 0.79323976 0.93678865 1.073729   1.18522683 1.24873796
 1.24622895 1.17654013 1.05756897 0.91638342 0.78182652 0.68543666
 0.66045073 0.72225484 0.85382079 1.02679565 1.21720353 1.40308138
 1.55887329 1.6546277  1.66520074 1.58575952 1.43649663 1.25116542
 1.06605998 0.91980937 0.85530019 0.90127338 1.04542921 1.25171708
 1.4866262  1.72065837 1.92157207 2.05239632 2.08097741 1.99780211
 1.82358413 1.59762633 1.36349453 1.16672199 1.058807   1.08202765
 1.23227949 1.46761156 1.74461778 2.02580933 2.2722712  2.44041862
 2.49138746 2.41033623 2.21682261 1.95423827 1.6729594  1.42531761
 1.27067507 1.2646923  1.41459385 1.67460256 1.99113702 2.31823679
 2.61027647 2.81744178 2.8945791  2.8212023  2.61427312 2.31962054
 1.993642   1.69529    1.4911845  1.44990909 1.59289946 1.87302581
 2.22632262 2.59782803 2.93511435 3.18247939 3.28895853 3.22837404
 3.01396464 2.69230746 2.32472225 1.97643912 1.72079265 1.63853366
 1.76787525 2.06332201 2.45041294 2.8645886  3.24647173 3.53476106
 3.6731696  3.6299789  3.4139081  3.07069505 2.66524512 2.26849828
 1.95996329 1.83152767 1.94029374 2.2459909  2.66370865 3.11860813
 3.54416021 3.87369733 4.04607719 4.02432212 3.8121417  3.45305155
 3.01407471 2.57105198 2.20907408 2.02989826 2.11099903 2.42156852
 2.86655155 3.36003901 3.82809085 4.19885098 4.40674809 4.40990157
 4.20678059 3.83755756 3.3698894  2.883494   2.46835671 2.23465107
 2.28090066 2.59061543 3.05931095 3.58908184 4.09825546 4.50991332
 4.75443082 4.78541284 4.59605996 4.22235926 3.73120347 3.20501011
 2.7378542  2.4467438  2.45097482 2.75371146 3.24237483 3.80597557
 4.35471309 4.8066853  5.08853623 5.14974634 4.97836707 4.60562315
 4.09640583 3.53457984 3.01739126 2.66703599 2.62226833 2.91145559
 3.41614416 4.01099107 4.59758045 5.08906248 5.40861911 5.50197813
 5.35226032 4.98558413]",89.97968839724567,89.9999945329862,0.0,0.0,0.2682762282397213,7.921016133727821,1.6979996426981672,0.25,18.39712473315922,3000,0.5760105157435773,0.9999999999999994,0.4465900667564263,28.78023207556601,0.0,0.0,0.0,0.0
oblate,0.8,8000.0,"[-4.   -3.98 -3.96 -3.94 -3.92 -3.9  -3.88 -3.86 -3.84 -3.82 -3.8  -3.78
 -3.76 -3.74 -3.72 -3.7  -3.68 -3.66 -3.64 -3.62 -3.6  -3.58 -3.56 -3.54
 -3.52 -3.5  -3.48 -3.46 -3.44 -3.42 -3.4  -3.38 -3.36 -3.34 -3.32 -3.3
 -3.28 -3.26 -3.24 -3.22 -3.2  -3.18 -3.16 -3.14 -3.12 -3.1  -3.08 -3.06
 -3.04 -3.02 -3.   -2.98 -2.96 -2.94 -2.92 -2.9  -2.88 -2.86 -2.84 -2.82
 -2.8  -2.78 -2.76 -2.74 -2.72 -2.7  -2.68 -2.66 -2.64 -2.62 -2.6  -2.58
 -2.56 -2.54 -2.52 -2.5  -2.48 -2.46 -2.44 -2.42 -2.4  -2.38 -2.36 -2.34
 -2.32 -2.3  -2.28 -2.26 -2.24 -2.22 -2.2  -2.18 -2.16 -2.14 -2.12 -2.1
 -2.08 -2.06 -2.04 -2.02 -2.   -1.98 -1.96 -1.94 -1.92 -1.9  -1.88 -1.86
 -1.84 -1.82 -1.8  -1.78 -1.76 -1.74 -1.72 -1.7  -1.68 -1.66 -1.64 -1.62
 -1.6  -1.58 -1.56 -1.54 -1.52 -1.5  -1.48 -1.46 -1.44 -1.42 -1.4  -1.38
 -1.36 -1.34 -1.32 -1.3  -1.28 -1.26 -1.24 -1.22 -1.2  -1.18 -1.16 -1.14
 -1.12 -1.1  -1.08 -1.06 -1.04 -1.02 -1.   -0.98 -0.96 -0.94 -0.92 -0.9
 -0.88 -0.86 -0.84 -0.82 -0.8  -0.78 -0.76 -0.74 -0.72 -0.7  -0.68 -0.66
 -0.64 -0.62 -0.6  -0.58 -0.56 -0.54 -0.52 -0.5  -0.48 -0.46 -0.44 -0.42
 -0.4  -0.38 -0.36 -0.34 -0.32 -0.3  -0.28 -0.26 -0.24 -0.22 -0.2  -0.18
 -0.16 -0.14 -0.12 -0.1  -0.08 -0.06 -0.04 -0.02]","[89.84307454 89.5173823  89.13552347 89.58774705 89.00856619 87.8050448
 87.30802993 87.34304837 87.65095325 88.03567514 88.37747656 88.62695051
 88.79172909 88.9132381  89.03411671 89.16626962 89.29650475 89.44532006
 89.69857884 89.78835874 89.09810714 88.86776939 89.08930449 89.33667944
 89.44046101 89.40662218 89.298578   89.16626882 88.99827428 88.78227821
 88.50504808 88.04841645 87.28665418 86.36609404 85.85355868 86.05486556
 86.65814772 87.36327476 88.04420707 88.64542897 89.13713878 89.51587211
 89.82153226 89.86098951 89.440388   88.86927693 88.16240396 87.40006073
 86.76045841 86.52234072 86.82709728 87.4459426  88.05872816 88.50393837
 88.76331817 88.89826294 88.98856924 89.0658184  89.12386173 89.16728614
 89.13586893 88.9002052  88.41013952 87.9603878  87.91564104 88.1995551
 88.63666913 89.12145915 89.58824707 89.99888881 89.65998611 89.37030132
 89.0547169  88.59684325 87.92316343 87.08158082 86.28055816 85.83144455
 85.9299157  86.47915813 87.21889273 87.93086597 88.49748651 88.88955801
 89.15049178 89.36837534 89.6236465  89.95064447 89.65299283 89.22591277
 88.86591649 88.74922763 89.01786825 89.46222099 89.75296684 89.80552181
 89.68122154 89.47286647 89.25885598 89.0790281  88.93032062 88.74682637
 88.40258096 87.78803098 86.94589857 86.22631071 86.074752   86.49391756
 87.18951099 87.93731218 88.61727919 89.16374432 89.55575251 89.83355733
 89.90451706 89.55132522 89.04969859 88.40978251 87.69981272 87.06471443
 86.76820841 87.04635675 87.71862919 88.37232508 88.79804087 88.98332112
 89.00467173 88.97194824 88.98159792 89.06157098 89.15437745 89.14183342
 88.88831529 88.32730255 87.72163292 87.59160734 87.93514944 88.48346062
 89.07753883 89.62736487 89.93344785 89.63369561 89.42726686 89.19511645
 88.81004348 88.21089241 87.44282564 86.6714967  86.16606202 86.17201996
 86.68650836 87.44925519 88.18302056 88.73060065 89.05062044 89.19143345
 89.2687759  89.41635042 89.70439402 89.89636731 89.47877336 89.17103786
 89.16574472 89.59729755 89.92287671 89.7667795  89.89456717 89.80517669
 89.44377737 89.14301708 88.98642718 88.93878983 88.85420714 88.57263869
 87.99905383 87.18471225 86.45132633 86.25402414 86.65728022 87.37325098
 88.14748468 88.8312762  89.33979238 89.64619361 89.80143483 89.92965089
 89.83138144 89.40626279 88.8082038  88.1184984  87.48942191 87.21005873
 87.58069363 88.32397079 88.91094396 89.18074793 89.17036679 88.9869457
 88.79701418 88.76258875]","[ 0.          2.99418194  6.24906747  9.30400345 11.812992   13.58970413
 14.59091211 14.89130045 14.69027567 14.36162267 14.48486563 15.65584541
 18.01493162 21.0378251  23.87723805 25.84268544 26.72272282 26.81536712
 26.71135435 27.03826547 28.27371425 30.61162273 33.9136889  37.7798186
 41.67260969 45.02350327 47.32888643 48.33053706 48.3175816  48.19187957
 48.93086124 50.92538744 53.90961323 57.32004459 60.60840536 63.36912013
 65.34761208 66.41577945 66.57030485 65.9778804  65.04495144 64.40690562
 64.68607238 66.06977143 68.12302735 70.09735524 71.39091403 71.74985276
 71.20976043 69.96881683 68.30795515 66.56579194 65.12607193 64.36456892
 64.5199141  65.50993065 66.80507704 67.57451997 67.20243583 65.70401028
 63.58768992 61.46387039 59.82050501 58.94387173 58.89042198 59.5054053
 60.47810991 61.39546764 61.78806776 61.24124941 59.63936158 57.38323463
 55.25229893 53.92054049 53.58164155 53.97371988 54.63908365 55.13986933
 55.14089274 54.41575465 52.84356592 50.43327661 47.38620362 44.16865629
 41.48509455 39.96910569 39.64513517 39.78986804 39.50140873 38.24426769
 35.89857129 32.58950007 28.57565567 24.21743028 19.97294175 16.38522463
 13.9878527  12.97191238 12.79865674 12.45727806 11.16149945  8.72395718
  5.48646018  2.1984967   2.37150449  5.08582084  7.3082977   8.74693804
  9.35710979  9.24216827  8.77477096  8.76758859 10.1029126  12.69531285
 15.64801251 18.14028589 19.75571064 20.46615222 20.51476433 20.30654478
 20.33919464 21.11518007 22.96617026 25.87315716 29.44873282 33.06465587
 36.0178709  37.76340723 38.26973385 38.2015033  38.54632788 39.98545556
 42.62220736 46.12506528 49.98408586 53.69747919 56.85508    59.15563998
 60.41616024 60.63669413 60.14057213 59.64182504 59.96274436 61.47489486
 63.86202279 66.44781089 68.6271935  70.04857111 70.59590121 70.31719003
 69.37476695 68.03140169 66.65525612 65.69953479 65.58811642 66.47384668
 68.00033838 69.37329875 69.84989994 69.18948714 67.6352011  65.63173507
 63.63584985 62.04884182 61.16663705 61.11522241 61.80150189 62.90282921
 63.88987809 64.13467807 63.22838661 61.34470578 59.18291581 57.48772749
 56.66209686 56.70282976 57.3364013  58.1878141  58.88656847 59.10651158
 58.58472222 57.16690422 54.90434647 52.17030578 49.65849734 48.08016932
 47.65732787 47.94702089 48.22170134 47.90861994 46.71946635 44.58289079
 41.56954577 37.87257252 33.82847143 29.94003446 26.83643429 25.0447852
 24.51995089 24.41418736]","[0.02332731 0.0302166  0.04305782 0.05341463 0.05703958 0.05394882
 0.04669911 0.0380739  0.03144126 0.03057974 0.03584756 0.04358085
 0.05037928 0.05418385 0.05395346 0.04962769 0.04240504 0.03557458
 0.03488667 0.04128728 0.04525246 0.04138716 0.03630341 0.03647134
 0.04148442 0.04784901 0.05299675 0.05549307 0.05462941 0.05033999
 0.0432797  0.03550921 0.03306492 0.04135219 0.05153041 0.05448
 0.05147971 0.04716681 0.04494581 0.04627624 0.05034259 0.05486695
 0.05748271 0.05661868 0.05214115 0.0461735  0.04359808 0.04831196
 0.05625001 0.05834122 0.05045676 0.04139987 0.04368246 0.05404283
 0.06393369 0.06970604 0.07022786 0.06527315 0.05617494 0.04779871
 0.04772042 0.05870155 0.07319256 0.07963086 0.07725101 0.07575125
 0.07751131 0.08000565 0.08150863 0.0816363  0.08036958 0.07824409
 0.07708703 0.07902255 0.08512622 0.09483386 0.10541259 0.11214915
 0.11129798 0.1040226  0.09588513 0.09222027 0.09433484 0.09973621
 0.10488765 0.10680792 0.10389965 0.09802531 0.09539972 0.10200033
 0.11745781 0.13287134 0.13364712 0.12097518 0.11296433 0.11371267
 0.11791805 0.12204687 0.12450227 0.12337662 0.11937686 0.11898177
 0.12864235 0.14830341 0.17109743 0.18607722 0.1869387  0.17924904
 0.17095169 0.16530665 0.16301191 0.16410199 0.16777145 0.1721519
 0.17526968 0.17671207 0.17866455 0.18495558 0.19804341 0.2156619
 0.22838014 0.22370985 0.20391378 0.18564121 0.17753236 0.17792664
 0.18244579 0.18620501 0.18468341 0.17925847 0.17970964 0.19566237
 0.22822579 0.26643394 0.2839169  0.26842555 0.2451651  0.23143596
 0.22802584 0.23199825 0.23976379 0.24727369 0.2528732  0.25891118
 0.26915923 0.28548136 0.30672609 0.32876782 0.3445099  0.34636638
 0.33305257 0.31232262 0.29416064 0.28427086 0.28299395 0.28643568
 0.28842066 0.28473366 0.27853334 0.28050261 0.30095271 0.34204438
 0.39028758 0.40507331 0.36766136 0.32257524 0.29671941 0.29001824
 0.29650466 0.3085417  0.3184974  0.32536716 0.33694364 0.36240522
 0.40346045 0.45010694 0.4812554  0.48092724 0.45842011 0.43326815
 0.41590209 0.40846811 0.40944546 0.41538684 0.42181627 0.42510095
 0.42506977 0.42658602 0.43800602 0.46632651 0.51066447 0.55253116
 0.55351612 0.50486341 0.4475483  0.40967573 0.39418619 0.39387484
 0.39872925 0.40136055]","[0.09735667 0.09748071 0.09890713 0.10380579 0.11488842 0.13207859
 0.15337706 0.17722476 0.20253496 0.22840685 0.25406613 0.27879211
 0.3015815  0.32042882 0.33150665 0.32954215 0.31125572 0.27980555
 0.24463738 0.21897707 0.2178741  0.24825708 0.3031603  0.3736302
 0.45343831 0.53647437 0.61282439 0.66525818 0.67356491 0.63314369
 0.56160544 0.48202106 0.41399744 0.37524849 0.37987912 0.42863457
 0.50797968 0.60221543 0.69869658 0.78682756 0.85762854 0.90473142
 0.92502491 0.91786417 0.88406895 0.82645381 0.75170299 0.67190459
 0.60497834 0.57298927 0.59343477 0.66763393 0.78380044 0.92719808
 1.0823041  1.22793012 1.33056356 1.34915393 1.26680495 1.11187338
 0.93012888 0.76179269 0.64654189 0.62575009 0.71059073 0.86940104
 1.06464763 1.26596626 1.44258401 1.56089373 1.59699125 1.55291209
 1.45292898 1.32622548 1.19706914 1.08458703 1.00517813 0.97280561
 0.99550404 1.07165096 1.19174565 1.34333669 1.51304776 1.68461229
 1.83456519 1.92901319 1.93012797 1.81933509 1.61686758 1.36977474
 1.13066782 0.95706442 0.91262545 1.02307803 1.24936154 1.5382885
 1.84505939 2.11988375 2.29800913 2.3226605  2.19236979 1.96231948
 1.69895263 1.45595418 1.27867463 1.20713695 1.25807189 1.40886999
 1.61699262 1.84326858 2.05746325 2.23736526 2.36744693 2.43664903
 2.43595589 2.35886218 2.20647243 1.99382133 1.75185028 1.52559952
 1.37274285 1.35167918 1.48392023 1.73977074 2.07117269 2.42902191
 2.75377474 2.96572657 2.98736467 2.80038566 2.46524004 2.07236367
 1.70246291 1.43322141 1.34968486 1.48685648 1.78315039 2.15394437
 2.5298256  2.84800378 3.05323518 3.11580401 3.04420815 2.87480329
 2.65063992 2.4088996  2.18010089 1.99265911 1.87628849 1.8582105
 1.95104394 2.14543089 2.41671272 2.73331446 3.0565982  3.33489995
 3.50181121 3.493426   3.28537644 2.91556926 2.4643218  2.02264159
 1.69161722 1.59280917 1.78220337 2.17717562 2.67071498 3.17532107
 3.60052803 3.85120353 3.86584154 3.6568512  3.30001557 2.88798671
 2.5013906  2.20946977 2.07316544 2.12151081 2.32460074 2.61919846
 2.94704324 3.26527492 3.54334411 3.75755178 3.88577681 3.90524332
 3.79700488 3.55715468 3.20769408 2.79878215 2.40487682 2.12529885
 2.0716155  2.2866619  2.70458683 3.23135756 3.77756479 4.24326921
 4.51705793 4.5144606 ]",88.54580491575337,89.998888806438,71.74985276413693,20.35401060944895,0.1738029609430249,9.285230451099322,99.98386949969412,3.5,654.5109073023651,3000,0.7015632327760054,1.2347593977918647,0.5207465905284885,29.890140117221865,0.1255527170324281,0.23475939779186528,0.07415652377206217,1.1099080416558564
oblate,0.8,10000.0,"[-4.   -3.98 -3.96 -3.94 -3.92 -3.9  -3.88 -3.86 -3.84 -3.82 -3.8  -3.78
 -3.76 -3.74 -3.72 -3.7  -3.68 -3.66 -3.64 -3.62 -3.6  -3.58 -3.56 -3.54
 -3.52 -3.5  -3.48 -3.46 -3.44 -3.42 -3.4  -3.38 -3.36 -3.34 -3.32 -3.3
 -3.28 -3.26 -3.24 -3.22 -3.2  -3.18 -3.16 -3.14 -3.12 -3.1  -3.08 -3.06
 -3.04 -3.02 -3.   -2.98 -2.96 -2.94 -2.92 -2.9  -2.88 -2.86 -2.84 -2.82
 -2.8  -2.78 -2.76 -2.74 -2.72 -2.7  -2.68 -2.66 -2.64 -2.62 -2.6  -2.58
 -2.56 -2.54 -2.52 -2.5  -2.48 -2.46 -2.44 -2.42 -2.4  -2.38 -2.36 -2.34
 -2.32 -2.3  -2.28 -2.26 -2.24 -2.22 -2.2  -2.18 -2.16 -2.14 -2.12 -2.1
 -2.08 -2.06 -2.04 -2.02 -2.   -1.98 -1.96 -1.94 -1.92 -1.9  -1.88 -1.86
 -1.84 -1.82 -1.8  -1.78 -1.76 -1.74 -1.72 -1.7  -1.68 -1.66 -1.64 -1.62
 -1.6  -1.58 -1.56 -1.54 -1.52 -1.5  -1.48 -1.46 -1.44 -1.42 -1.4  -1.38
 -1.36 -1.34 -1.32 -1.3  -1.28 -1.26 -1.24 -1.22 -1.2  -1.18 -1.16 -1.14
 -1.12 -1.1  -1.08 -1.06 -1.04 -1.02 -1.   -0.98 -0.96 -0.94 -0.92 -0.9
 -0.88 -0.86 -0.84 -0.82 -0.8  -0.78 -0.76 -0.74 -0.72 -0.7  -0.68 -0.66
 -0.64 -0.62 -0.6  -0.58 -0.56 -0.54 -0.52 -0.5  -0.48 -0.46 -0.44 -0.42
 -0.4  -0.38 -0.36 -0.34 -0.32 -0.3  -0.28 -0.26 -0.24 -0.22 -0.2  -0.18
 -0.16 -0.14 -0.12 -0.1  -0.08 -0.06 -0.04 -0.02]","[89.66220963 89.20901343 88.71579775 89.10974195 89.44420181 88.14416724
 87.55081521 87.50164532 87.73648958 88.0571346  88.34327122 88.54703628
 88.67909715 88.7835448  88.90307029 89.04642905 89.19624627 89.37143669
 89.66098088 89.77316717 89.01402934 88.72902343 88.9323889  89.18574267
 89.30637766 89.29409555 89.21051239 89.10650992 88.97218672 88.79434187
 88.55942511 88.15022355 87.43498223 86.5390979  86.01219286 86.17881913
 86.74746635 87.42090896 88.07159445 88.64244002 89.10312068 89.45167797
 89.73151784 89.96869713 89.55578075 88.98284935 88.2657848  87.48395823
 86.81139228 86.52504372 86.77924476 87.36246468 87.95682629 88.39531475
 88.65530534 88.79681452 88.90129939 89.00361591 89.0964918  89.17893365
 89.19121983 89.00746204 88.56385113 88.11621091 88.03885263 88.29158723
 88.70386749 89.16611554 89.60810915 89.9874356  89.71002744 89.46084326
 89.18074665 88.74951847 88.09079581 87.24689115 86.41903318 85.91907228
 85.95833936 86.45723291 87.1596283  87.84392986 88.38941245 88.76579699
 89.01741132 89.23512054 89.50285781 89.85543447 89.71400611 89.24684354
 88.83556436 88.65235027 88.87134086 89.31703915 89.62897389 89.70144626
 89.59446483 89.4051484  89.21973162 89.08510002 88.99456655 88.87097103
 88.58232691 88.01411916 87.18781289 86.42365426 86.19090747 86.54479779
 87.19770797 87.91253168 88.56035692 89.07214994 89.42822153 89.67387632
 89.91387802 89.74023355 89.23081551 88.56979705 87.82453206 87.13139455
 86.74659104 86.93859385 87.57372839 88.22469132 88.65657806 88.84857033
 88.87810921 88.86226645 88.90784273 89.04603257 89.21113502 89.27767221
 89.1079946  88.60929085 87.96834502 87.740711   88.02221094 88.53702894
 89.10522221 89.62474753 89.97854929 89.73502263 89.59100607 89.41505403
 89.07032843 88.49016534 87.71351704 86.89602492 86.30238403 86.20091014
 86.62964184 87.34200448 88.04784982 88.5769656  88.88223505 89.01217367
 89.08756157 89.24957326 89.57282491 89.97385508 89.48593082 89.0868582
 88.97021163 89.35253379 89.89083071 89.90219042 89.99671467 89.71443315
 89.37432009 89.11051492 89.01585814 89.0531815  89.06387398 88.87394438
 88.37232208 87.57555772 86.76129467 86.42375493 86.71946924 87.37181182
 88.10162163 88.74453443 89.20993083 89.47158441 89.58565825 89.68362644
 89.90916575 89.66012183 89.03730772 88.29971324 87.58385428 87.16301285
 87.4099115  88.13715917 88.74349486 89.02545175 89.02032291 88.84325679
 88.67262386 88.68285071]","[ 0.          2.99418194  6.24906747  9.30400345 11.812992   13.58970413
 14.59091211 14.89130045 14.69027567 14.36162267 14.48486563 15.65584541
 18.01493162 21.0378251  23.87723805 25.84268544 26.72272282 26.81536712
 26.71135435 27.03826547 28.27371425 30.61162273 33.9136889  37.7798186
 41.67260969 45.02350327 47.32888643 48.33053706 48.3175816  48.19187957
 48.93086124 50.92538744 53.90961323 57.32004459 60.60840536 63.36912013
 65.34761208 66.41577945 66.57030485 65.9778804  65.04495144 64.40690562
 64.68607238 66.06977143 68.12302735 70.09735524 71.39091403 71.74985276
 71.20976043 69.96881683 68.30795515 66.56579194 65.12607193 64.36456892
 64.5199141  65.50993065 66.80507704 67.57451997 67.20243583 65.70401028
 63.58768992 61.46387039 59.82050501 58.94387173 58.89042198 59.5054053
 60.47810991 61.39546764 61.78806776 61.24124941 59.63936158 57.38323463
 55.25229893 53.92054049 53.58164155 53.97371988 54.63908365 55.13986933
 55.14089274 54.41575465 52.84356592 50.43327661 47.38620362 44.16865629
 41.48509455 39.96910569 39.64513517 39.78986804 39.50140873 38.24426769
 35.89857129 32.58950007 28.57565567 24.21743028 19.97294175 16.38522463
 13.9878527  12.97191238 12.79865674 12.45727806 11.16149945  8.72395718
  5.48646018  2.1984967   2.37150449  5.08582084  7.3082977   8.74693804
  9.35710979  9.24216827  8.77477096  8.76758859 10.1029126  12.69531285
 15.64801251 18.14028589 19.75571064 20.46615222 20.51476433 20.30654478
 20.33919464 21.11518007 22.96617026 25.87315716 29.44873282 33.06465587
 36.0178709  37.76340723 38.26973385 38.2015033  38.54632788 39.98545556
 42.62220736 46.12506528 49.98408586 53.69747919 56.85508    59.15563998
 60.41616024 60.63669413 60.14057213 59.64182504 59.96274436 61.47489486
 63.86202279 66.44781089 68.6271935  70.04857111 70.59590121 70.31719003
 69.37476695 68.03140169 66.65525612 65.69953479 65.58811642 66.47384668
 68.00033838 69.37329875 69.84989994 69.18948714 67.6352011  65.63173507
 63.63584985 62.04884182 61.16663705 61.11522241 61.80150189 62.90282921
 63.88987809 64.13467807 63.22838661 61.34470578 59.18291581 57.48772749
 56.66209686 56.70282976 57.3364013  58.1878141  58.88656847 59.10651158
 58.58472222 57.16690422 54.90434647 52.17030578 49.65849734 48.08016932
 47.65732787 47.94702089 48.22170134 47.90861994 46.71946635 44.58289079
 41.56954577 37.87257252 33.82847143 29.94003446 26.83643429 25.0447852
 24.51995089 24.41418736]","[0.02558434 0.03297428 0.04682467 0.05806771 0.06208445 0.05887465
 0.05119246 0.04200843 0.03486393 0.03372416 0.03913777 0.04736693
 0.05474685 0.0589976  0.05893638 0.05444442 0.04676524 0.03934402
 0.03820427 0.04462433 0.04876964 0.04482076 0.03972598 0.04023884
 0.04579745 0.05272225 0.05833225 0.06112278 0.06032765 0.0558697
 0.04853839 0.0405688  0.0378756  0.04589326 0.05629705 0.0594868
 0.056506   0.05215142 0.05001739 0.05172624 0.05653099 0.06203135
 0.06560619 0.06544061 0.06125486 0.05508496 0.05166659 0.05521622
 0.0625737  0.06466621 0.05701592 0.0486386  0.05169429 0.06280016
 0.07361977 0.080354   0.08166891 0.07706813 0.06774074 0.05882691
 0.05812173 0.06894045 0.08430906 0.09172385 0.08928122 0.08727923
 0.08882191 0.09153564 0.09376194 0.0952253  0.09576928 0.09541634
 0.09550419 0.09799138 0.10403247 0.11329843 0.12337832 0.12976649
 0.1287007  0.12135163 0.11345637 0.11046177 0.11367817 0.12058965
 0.12746216 0.13084467 0.12850725 0.12188757 0.11751903 0.12266562
 0.13854736 0.15682696 0.16087351 0.14830545 0.13802193 0.13673931
 0.14019711 0.1448429  0.14882301 0.14980544 0.14775408 0.1485017
 0.15887082 0.17990761 0.20505727 0.2220184  0.22259349 0.2127348
 0.20227844 0.19564044 0.19387489 0.19695622 0.20363261 0.21122702
 0.21682613 0.21928969 0.22065634 0.22549024 0.23774291 0.25657789
 0.27265759 0.27086735 0.25040277 0.22899796 0.21790901 0.21680433
 0.22140113 0.22626008 0.2260811  0.22143743 0.22184546 0.238275
 0.27424145 0.31984364 0.34456907 0.32808388 0.298189   0.2784685
 0.27185549 0.27558261 0.28577375 0.29774318 0.30855165 0.31898057
 0.33197617 0.34978286 0.37224315 0.39596591 0.41370405 0.41661927
 0.40217287 0.3785349  0.35726826 0.3453378  0.3435509  0.34781086
 0.35127617 0.34876715 0.3425018  0.34326931 0.36361751 0.40924293
 0.4689524  0.49596602 0.45622375 0.39950732 0.36326859 0.35026349
 0.35439528 0.36747812 0.38141064 0.3941343  0.41176596 0.442764
 0.48997969 0.54452681 0.58304016 0.58392403 0.55560802 0.52256114
 0.49906902 0.48860574 0.48963577 0.49806078 0.50836701 0.51566394
 0.51855909 0.52122989 0.53266448 0.5622709  0.6125029  0.66613438
 0.67668485 0.62317257 0.55233201 0.50185659 0.47784888 0.47314729
 0.47702547 0.48135087]","[0.10433129 0.10445376 0.10594223 0.11113272 0.1229852  0.14143177
 0.16430173 0.18990992 0.21708206 0.2448397  0.27233851 0.29879753
 0.32314813 0.34326878 0.35510014 0.35302303 0.33351212 0.29990684
 0.26227942 0.23473563 0.23332766 0.2655472  0.32406201 0.39931437
 0.48464607 0.57355847 0.65553381 0.71224603 0.72200134 0.67946463
 0.60316408 0.51779337 0.44440186 0.40201008 0.40591931 0.45729051
 0.54180989 0.64262233 0.7461292  0.84095468 0.91743392 0.96864601
 0.99112922 0.98409047 0.94835207 0.88689101 0.80681683 0.7210063
 0.64856571 0.61311324 0.63365168 0.71198246 0.83561641 0.98874637
 1.15478987 1.31128384 1.422771   1.4455071  1.36045393 1.19649953
 1.00225144 0.82088729 0.69474143 0.66854368 0.75607202 0.92421225
 1.13243627 1.34804773 1.53826172 1.66733183 1.70937539 1.66551575
 1.56072504 1.42591729 1.28719529 1.165255   1.07789226 1.04042687
 1.06201501 1.14141214 1.26860637 1.43018151 1.61172262 1.79586847
 1.95778627 2.06169226 2.06736537 1.95403058 1.74135626 1.47829918
 1.22073166 1.02976077 0.97435664 1.08594976 1.32433032 1.63167986
 1.95956964 2.25515428 2.45030709 2.48462879 2.35395438 2.11374593
 1.8337768  1.57175254 1.37659196 1.292247   1.33933811 1.49566154
 1.71570986 1.9570542  2.18700391 2.3815772  2.52394982 2.60208181
 2.60614101 2.5288628  2.37073253 2.14667834 1.88850912 1.64330745
 1.4723033  1.4399006  1.57314965 1.84172078 2.19344394 2.57532877
 2.92431557 3.15703564 3.19206494 3.00713824 2.66071951 2.24559102
 1.84729976 1.54838399 1.44189748 1.57443994 1.88354609 2.27636407
 2.67751396 3.02013397 3.24580824 3.32228153 3.25639056 3.08428822
 2.850327   2.59375927 2.34724173 2.14131723 2.00834724 1.97914257
 2.06958894 2.2710216  2.55703166 2.89347762 3.23908813 3.53949512
 3.72544181 3.72995097 3.52518211 3.14604922 2.67260852 2.19861839
 1.82933645 1.69758317 1.87991329 2.29181422 2.81396202 3.35125145
 3.80820846 4.08589326 4.11934208 3.91731504 3.55347152 3.1218885
 2.70718051 2.38355778 2.21906419 2.25217011 2.45643823 2.76398868
 3.11097517 3.45070241 3.75013092 3.98383405 4.12834475 4.15964286
 4.05738189 3.81594755 3.45559507 3.02548112 2.60052458 2.28351929
 2.19924374 2.40845306 2.84328539 3.39925942 3.97958704 4.47924058
 4.78317135 4.80367451]",88.55236636544025,89.99671467450503,71.74985276413693,20.35401060944895,0.2105895445754087,8.164305814068483,94.6006194199258,3.5,648.4191259273307,3000,0.7015632327760054,1.2347593977918647,0.5207465905284885,29.890140117221865,0.1255527170324281,0.23475939779186528,0.07415652377206217,1.1099080416558564
oblate,0.8,20000.0,"[-4.   -3.98 -3.96 -3.94 -3.92 -3.9  -3.88 -3.86 -3.84 -3.82 -3.8  -3.78
 -3.76 -3.74 -3.72 -3.7  -3.68 -3.66 -3.64 -3.62 -3.6  -3.58 -3.56 -3.54
 -3.52 -3.5  -3.48 -3.46 -3.44 -3.42 -3.4  -3.38 -3.36 -3.34 -3.32 -3.3
 -3.28 -3.26 -3.24 -3.22 -3.2  -3.18 -3.16 -3.14 -3.12 -3.1  -3.08 -3.06
 -3.04 -3.02 -3.   -2.98 -2.96 -2.94 -2.92 -2.9  -2.88 -2.86 -2.84 -2.82
 -2.8  -2.78 -2.76 -2.74 -2.72 -2.7  -2.68 -2.66 -2.64 -2.62 -2.6  -2.58
 -2.56 -2.54 -2.52 -2.5  -2.48 -2.46 -2.44 -2.42 -2.4  -2.38 -2.36 -2.34
 -2.32 -2.3  -2.28 -2.26 -2.24 -2.22 -2.2  -2.18 -2.16 -2.14 -2.12 -2.1
 -2.08 -2.06 -2.04 -2.02 -2.   -1.98 -1.96 -1.94 -1.92 -1.9  -1.88 -1.86
 -1.84 -1.82 -1.8  -1.78 -1.76 -1.74 -1.72 -1.7  -1.68 -1.66 -1.64 -1.62
 -1.6  -1.58 -1.56 -1.54 -1.52 -1.5  -1.48 -1.46 -1.44 -1.42 -1.4  -1.38
 -1.36 -1.34 -1.32 -1.3  -1.28 -1.26 -1.24 -1.22 -1.2  -1.18 -1.16 -1.14
 -1.12 -1.1  -1.08 -1.06 -1.04 -1.02 -1.   -0.98 -0.96 -0.94 -0.92 -0.9
 -0.88 -0.86 -0.84 -0.82 -0.8  -0.78 -0.76 -0.74 -0.72 -0.7  -0.68 -0.66
 -0.64 -0.62 -0.6  -0.58 -0.56 -0.54 -0.52 -0.5  -0.48 -0.46 -0.44 -0.42
 -0.4  -0.38 -0.36 -0.34 -0.32 -0.3  -0.28 -0.26 -0.24 -0.22 -0.2  -0.18
 -0.16 -0.14 -0.12 -0.1  -0.08 -0.06 -0.04 -0.02]","[89.87894503 89.90183672 89.55998082 89.96485146 88.74453238 87.66971472
 87.27347169 87.3731991  87.71629926 88.11471127 88.45617984 88.69820124
 88.85420355 88.96914401 89.08610596 89.2146977  89.33723857 89.46847726
 89.69165625 89.82558198 89.13594444 88.88768125 89.09690309 89.3351108
 89.42986957 89.38771649 89.27421788 89.14283823 88.98508864 88.78296652
 88.51433397 88.05886648 87.28997904 86.35423101 85.83341064 86.04587117
 86.66442166 87.37742407 88.05745146 88.64953494 89.12481437 89.48268159
 89.76843066 89.92727545 89.51017921 88.93394423 88.21664715 87.44095746
 86.7846352  86.52682398 86.81447951 87.42072305 88.02358727 88.46011574
 88.7103978  88.83553163 88.92110329 89.01372167 89.11138958 89.19930333
 89.2068413  89.00581914 88.53198272 88.05489597 87.97551896 88.24384329
 88.67496784 89.15534516 89.61156952 89.9947014  89.71311363 89.48057829
 89.21197635 88.78322852 88.12030082 87.26907695 86.43442803 85.93366225
 85.98213237 86.49509402 87.2078548  87.89528959 88.43600763 88.79856751
 89.0266306  89.21618282 89.46554957 89.82121313 89.73071426 89.24636127
 88.82605308 88.65016494 88.90600677 89.38350902 89.69236803 89.74431168
 89.60879559 89.38833745 89.18635603 89.07121294 89.02816425 88.95013251
 88.69050915 88.13399078 87.29836734 86.50584279 86.25558705 86.61296717
 87.27300935 87.98918759 88.62853194 89.11876508 89.43952681 89.64069317
 89.83704914 89.84821569 89.35069755 88.68415322 87.92282263 87.20953819
 86.81279766 87.0253321  87.69120309 88.34056558 88.74264581 88.88608968
 88.85486576 88.78813119 88.82887205 89.01750975 89.2558559  89.38819693
 89.26740136 88.7788987  88.07477535 87.79676741 88.08400777 88.61938132
 89.20562661 89.72749017 89.90470184 89.72539798 89.66402003 89.56378116
 89.27264393 88.72151263 87.95134708 87.11949301 86.4985961  86.37898925
 86.80904937 87.52082593 88.20583859 88.69053058 88.9282596  88.97313267
 88.96677271 89.08376658 89.41828758 89.92623722 89.51521342 89.04685
 88.88849277 89.34318517 89.9715974  89.84496508 89.99033221 89.63997041
 89.24819284 88.98037909 88.9506981  89.10527007 89.24273559 89.15750306
 88.72580283 87.94767098 87.08839823 86.70058442 86.98669672 87.63521263
 88.34325492 88.94061546 89.33444756 89.50004642 89.50337439 89.49551606
 89.64306293 89.96217526 89.33410673 88.56016279 87.78660508 87.31218038
 87.59831354 88.39582759 88.96284342 89.14176301 89.01366747 88.72121599
 88.48143292 88.50537295]","[ 0.          2.99418194  6.24906747  9.30400345 11.812992   13.58970413
 14.59091211 14.89130045 14.69027567 14.36162267 14.48486563 15.65584541
 18.01493162 21.0378251  23.87723805 25.84268544 26.72272282 26.81536712
 26.71135435 27.03826547 28.27371425 30.61162273 33.9136889  37.7798186
 41.67260969 45.02350327 47.32888643 48.33053706 48.3175816  48.19187957
 48.93086124 50.92538744 53.90961323 57.32004459 60.60840536 63.36912013
 65.34761208 66.41577945 66.57030485 65.9778804  65.04495144 64.40690562
 64.68607238 66.06977143 68.12302735 70.09735524 71.39091403 71.74985276
 71.20976043 69.96881683 68.30795515 66.56579194 65.12607193 64.36456892
 64.5199141  65.50993065 66.80507704 67.57451997 67.20243583 65.70401028
 63.58768992 61.46387039 59.82050501 58.94387173 58.89042198 59.5054053
 60.47810991 61.39546764 61.78806776 61.24124941 59.63936158 57.38323463
 55.25229893 53.92054049 53.58164155 53.97371988 54.63908365 55.13986933
 55.14089274 54.41575465 52.84356592 50.43327661 47.38620362 44.16865629
 41.48509455 39.96910569 39.64513517 39.78986804 39.50140873 38.24426769
 35.89857129 32.58950007 28.57565567 24.21743028 19.97294175 16.38522463
 13.9878527  12.97191238 12.79865674 12.45727806 11.16149945  8.72395718
  5.48646018  2.1984967   2.37150449  5.08582084  7.3082977   8.74693804
  9.35710979  9.24216827  8.77477096  8.76758859 10.1029126  12.69531285
 15.64801251 18.14028589 19.75571064 20.46615222 20.51476433 20.30654478
 20.33919464 21.11518007 22.96617026 25.87315716 29.44873282 33.06465587
 36.0178709  37.76340723 38.26973385 38.2015033  38.54632788 39.98545556
 42.62220736 46.12506528 49.98408586 53.69747919 56.85508    59.15563998
 60.41616024 60.63669413 60.14057213 59.64182504 59.96274436 61.47489486
 63.86202279 66.44781089 68.6271935  70.04857111 70.59590121 70.31719003
 69.37476695 68.03140169 66.65525612 65.69953479 65.58811642 66.47384668
 68.00033838 69.37329875 69.84989994 69.18948714 67.6352011  65.63173507
 63.63584985 62.04884182 61.16663705 61.11522241 61.80150189 62.90282921
 63.88987809 64.13467807 63.22838661 61.34470578 59.18291581 57.48772749
 56.66209686 56.70282976 57.3364013  58.1878141  58.88656847 59.10651158
 58.58472222 57.16690422 54.90434647 52.17030578 49.65849734 48.08016932
 47.65732787 47.94702089 48.22170134 47.90861994 46.71946635 44.58289079
 41.56954577 37.87257252 33.82847143 29.94003446 26.83643429 25.0447852
 24.51995089 24.41418736]","[0.03132073 0.04117135 0.05898584 0.07326671 0.07818499 0.07380282
 0.06367467 0.05159664 0.04223234 0.04101549 0.04852917 0.05951019
 0.06916774 0.07463131 0.07443338 0.06845885 0.0583424  0.04861824
 0.04731158 0.05593868 0.06140343 0.05637903 0.05007353 0.0510095
 0.05819837 0.06693643 0.0739285  0.07738166 0.07639146 0.07088102
 0.06196025 0.05266163 0.05033893 0.06089628 0.07384966 0.07758
 0.07357523 0.06790335 0.06511673 0.06733406 0.07366202 0.08102566
 0.08603009 0.08634664 0.08168949 0.07478736 0.07161248 0.0770875
 0.08715717 0.09051547 0.08126601 0.07013953 0.07204437 0.08445109
 0.09755944 0.10628768 0.10868498 0.10385905 0.09331583 0.08398579
 0.08558885 0.10159548 0.12312351 0.13300094 0.12765746 0.1220205
 0.12190928 0.12484722 0.12863411 0.13245265 0.13532261 0.13672989
 0.13835215 0.14294726 0.15222871 0.16579487 0.18031586 0.18963197
 0.18864392 0.17889514 0.16791456 0.16283448 0.16572886 0.17386517
 0.18255392 0.18711703 0.18458609 0.17708871 0.17336907 0.1829511
 0.20770712 0.23672547 0.24485514 0.22469438 0.20408128 0.19667476
 0.19876682 0.20537739 0.21283227 0.21703772 0.21753809 0.22157172
 0.2380839  0.26909304 0.30625017 0.33166271 0.33204229 0.31600517
 0.29930606 0.28935839 0.28754731 0.29289108 0.30269838 0.31297422
 0.32009129 0.3231385  0.32545346 0.33363747 0.35344131 0.38404879
 0.41199111 0.41294488 0.38244235 0.34694121 0.32549521 0.31946438
 0.32297668 0.32821648 0.32860151 0.32528802 0.33007933 0.35727892
 0.41258417 0.48332296 0.52333263 0.49700343 0.44757724 0.41409345
 0.4023638  0.40764287 0.42294599 0.44108101 0.45783362 0.47396013
 0.4934807  0.52005251 0.55419826 0.59149825 0.62113032 0.62885437
 0.60948138 0.5747498  0.54197304 0.52135737 0.51391249 0.51414765
 0.51401145 0.50850457 0.50148772 0.50679541 0.54118984 0.61370118
 0.71024997 0.75881616 0.69719817 0.60521819 0.54432869 0.51960991
 0.52129914 0.53731398 0.55760206 0.5796285  0.60994557 0.65897013
 0.73147626 0.8161754  0.87842419 0.8822686  0.8391224  0.78812177
 0.75176817 0.73463591 0.73324673 0.74102355 0.7507261  0.75704489
 0.75956094 0.76471786 0.78493989 0.83360757 0.91538922 1.00661235
 1.03264574 0.95183966 0.83938993 0.75566439 0.71008501 0.69280039
 0.69083528 0.69574597]","[0.13041245 0.13054409 0.13234969 0.13880542 0.15372877 0.17698555
 0.20576648 0.23795087 0.27207768 0.30692514 0.34143372 0.37462289
 0.40515358 0.43036456 0.44515667 0.4424655  0.41784766 0.37547741
 0.32800747 0.29323043 0.29151584 0.33225494 0.40593076 0.5004443
 0.6074475  0.71878781 0.82127596 0.89203506 0.90414273 0.85097153
 0.75551279 0.64864907 0.5567953  0.50379565 0.50881166 0.57323383
 0.67903316 0.80506791 0.93432745 1.05263015 1.14799524 1.21190013
 1.24010344 1.23161882 1.18740048 1.11102603 1.01120008 0.90387178
 0.81290457 0.76803389 0.79336339 0.89119796 1.04574097 1.23707024
 1.44427712 1.63912647 1.77764797 1.80652754 1.70234615 1.49929878
 1.25713721 1.03004912 0.87132108 0.8377295  0.94710998 1.15726843
 1.41699397 1.6851771  1.92094262 2.08064149 2.13332074 2.08028785
 1.95146377 1.78463664 1.61223585 1.46014063 1.35064067 1.30305919
 1.32913136 1.42744002 1.58540162 1.78614097 2.01153168 2.23976773
 2.43997038 2.56849489 2.57716093 2.44058075 2.18043689 1.85496351
 1.53327812 1.29217006 1.22012962 1.3589307  1.65640725 2.03859623
 2.44403725 2.80659882 3.04473302 3.0892207  2.93437167 2.6426219
 2.29749465 1.97121451 1.72583485 1.61778344 1.67466339 1.86836028
 2.14067427 2.43831123 2.72101452 2.95982297 3.13473776 3.23152623
 3.23849756 3.14677659 2.95618478 2.68332299 2.36548493 2.05987245
 1.84315476 1.79899557 1.96379728 2.29749537 2.73239897 3.20071025
 3.62385986 3.90397711 3.95067916 3.73757236 3.3247741  2.8181425
 2.32332966 1.94481168 1.80402916 1.96709653 2.35091046 2.83441513
 3.32320968 3.73694837 4.00918085 4.10479496 4.0312165  3.82830117
 3.54701943 3.23444077 2.93078259 2.67408701 2.50536474 2.46492257
 2.57421571 2.8218264  3.17311379 3.58415076 4.00292781 4.36353764
 4.58647188 4.59795317 4.36544011 3.92130852 3.35160718 2.76711956
 2.29840546 2.120616   2.34626371 2.85737331 3.4957099  4.1419211
 4.68279715 5.01064229 5.05885261 4.8344872  4.41178354 3.89488995
 3.38609823 2.97949312 2.76477558 2.79777881 3.04620808 3.42070104
 3.84056085 4.24935926 4.60837372 4.88835638 5.06270984 5.10456104
 4.99088035 4.71352628 4.29143411 3.77665237 3.2546907  2.85102366
 2.73325459 2.99125066 3.52722431 4.20079883 4.89032678 5.47288958
 5.8260178  5.86215837]",88.6049164044683,89.99470140220524,71.74985276413693,20.35401060944895,0.3143671870534692,6.825062480471131,92.68341426672517,3.5,658.9711512231477,3000,0.7015632327760054,1.2347593977918647,0.5207465905284885,29.890140117221865,0.1255527170324281,0.23475939779186528,0.07415652377206217,1.1099080416558564
prolate,1.2,8000.0,"[-4.   -3.98 -3.96 -3.94 -3.92 -3.9  -3.88 -3.86 -3.84 -3.82 -3.8  -3.78
 -3.76 -3.74 -3.72 -3.7  -3.68 -3.66 -3.64 -3.62 -3.6  -3.58 -3.56 -3.54
 -3.52 -3.5  -3.48 -3.46 -3.44 -3.42 -3.4  -3.38 -3.36 -3.34 -3.32 -3.3
 -3.28 -3.26 -3.24 -3.22 -3.2  -3.18 -3.16 -3.14 -3.12 -3.1  -3.08 -3.06
 -3.04 -3.02 -3.   -2.98 -2.96 -2.94 -2.92 -2.9  -2.88 -2.86 -2.84 -2.82
 -2.8  -2.78 -2.76 -2.74 -2.72 -2.7  -2.68 -2.66 -2.64 -2.62 -2.6  -2.58
 -2.56 -2.54 -2.52 -2.5  -2.48 -2.46 -2.44 -2.42 -2.4  -2.38 -2.36 -2.34
 -2.32 -2.3  -2.28 -2.26 -2.24 -2.22 -2.2  -2.18 -2.16 -2.14 -2.12 -2.1
 -2.08 -2.06 -2.04 -2.02 -2.   -1.98 -1.96 -1.94 -1.92 -1.9  -1.88 -1.86
 -1.84 -1.82 -1.8  -1.78 -1.76 -1.74 -1.72 -1.7  -1.68 -1.66 -1.64 -1.62
 -1.6  -1.58 -1.56 -1.54 -1.52 -1.5  -1.48 -1.46 -1.44 -1.42 -1.4  -1.38
 -1.36 -1.34 -1.32 -1.3  -1.28 -1.26 -1.24 -1.22 -1.2  -1.18 -1.16 -1.14
 -1.12 -1.1  -1.08 -1.06 -1.04 -1.02 -1.   -0.98 -0.96 -0.94 -0.92 -0.9
 -0.88 -0.86 -0.84 -0.82 -0.8  -0.78 -0.76 -0.74 -0.72 -0.7  -0.68 -0.66
 -0.64 -0.62 -0.6  -0.58 -0.56 -0.54 -0.52 -0.5  -0.48 -0.46 -0.44 -0.42
 -0.4  -0.38 -0.36 -0.34 -0.32 -0.3  -0.28 -0.26 -0.24 -0.22 -0.2  -0.18
 -0.16 -0.14 -0.12 -0.1  -0.08 -0.06 -0.04 -0.02]","[89.9562099  89.77655909 89.32652317 89.32136195 89.86658117 88.89200197
 88.24158719 87.95381397 87.95230901 88.14585091 88.44495258 88.76774591
 89.04922193 89.25817478 89.41023955 89.56742367 89.87877142 89.29135881
 87.16145272 83.7756176  82.41267497 83.10653624 84.16120592 85.15326034
 86.05757273 86.88384074 87.6272379  88.28782392 88.9125618  89.61781459
 89.39483097 87.78381882 85.01625123 80.94776522 78.22900163 78.86700116
 80.68675622 82.44180581 83.97407239 85.32556529 86.52976146 87.60888913
 88.62562594 89.72259758 88.88824454 86.91587117 84.00017405 80.12113666
 76.99826416 76.82776896 78.58644358 80.70620621 82.67453442 84.42984621
 85.9932436  87.39497051 88.70392605 89.93625642 88.33181361 86.27070846
 83.5787768  80.41741402 77.89211671 77.40218181 78.69291999 80.6642821
 82.69092914 84.57834431 86.29033002 87.84156715 89.29005553 89.25342292
 87.65419356 85.80475663 83.70010779 81.59740053 80.13591238 79.92150893
 80.86654376 82.43241853 84.18672462 85.91790912 87.54715891 89.06049478
 89.51792963 88.14174634 86.77008326 85.40778024 84.15014701 83.2058041
 82.82722337 83.1361523  84.02964497 85.28767207 86.71392862 88.18198453
 89.62134904 89.00738365 87.73364724 86.59417435 85.64553593 84.96563779
 84.63526054 84.70214691 85.15367864 85.92465596 86.93097115 88.09785673
 89.36780718 89.30669713 87.97742928 86.71672155 85.62989551 84.84970208
 84.49473955 84.60402818 85.1094272  85.88204    86.8044359  87.80974328
 88.87999232 89.97557948 88.74506088 87.43544322 86.09580918 84.85048965
 83.92714767 83.59589816 83.95722706 84.82163221 85.89405363 86.97451513
 87.98936731 88.94826253 89.89950373 89.10422866 88.02698778 86.85918749
 85.635276   84.4943441  83.78350193 83.95045553 84.95124445 86.22677194
 87.38480602 88.32562427 89.08297197 89.73514894 89.63572088 88.97627056
 88.27360037 87.54239005 86.82297553 86.23361533 86.09505855 86.79683265
 87.97671534 88.97334682 89.64142078 89.95013573 89.70962202 89.54807071
 89.38937829 89.20272848 89.01980385 88.91148885 88.969674   89.33365057
 89.79023728 88.50255601 87.6875911  87.55445268 87.74623878 88.07486006
 88.46258329 88.85858556 89.22091946 89.54478732 89.89516846 89.60715566
 88.8186635  87.58382294 85.83726395 84.17456523 83.81181764 84.51011501
 85.50827114 86.51725101 87.47309099 88.36389352 89.18448933 89.95011867
 89.2659889  88.33081855 87.09655399 85.46175226 83.54210992 82.07787042
 82.01115963 83.044704  ]","[ 0.          1.80030797  3.88303416  6.11033653  8.36319184 10.54658169
 12.58208984 14.39870727 15.92701323 17.09959031 17.8634782  18.2172641
 18.28513764 18.38750163 18.94672844 20.17959941 21.95710079 24.00792854
 26.11710367 28.15741275 30.05459779 31.75650606 33.21623237 34.38526538
 35.21601705 35.68118477 35.82569476 35.84623556 36.08845052 36.83137861
 38.07736896 39.63491868 41.30911938 42.97121177 44.54390276 45.97523936
 47.22099335 48.23480719 48.96468178 49.3602675  49.4060116  49.1959364
 48.99407467 49.1197831  49.70741891 50.66037308 51.80525767 53.00041318
 54.15049931 55.18938437 56.06313414 56.71856156 57.09733518 57.13927702
 56.80802406 56.15802651 55.41253028 54.90815714 54.86513876 55.25619647
 55.91219034 56.66014288 57.37101213 57.95406688 58.34047578 58.47044866
 58.28714917 57.74143567 56.8176945  55.59129434 54.28843248 53.24165526
 52.69627831 52.65869708 52.95255211 53.36190919 53.71139889 53.87822112
 53.77866037 53.35380925 52.56321331 51.39098214 49.86916686 48.11668096
 46.36553639 44.91549588 43.99723444 43.64374065 43.69284673 43.89679632
 44.02534302 43.90977654 43.44448155 42.57502531 41.28965674 39.62039469
 37.65328534 35.54066244 33.49979274 31.77773005 30.57457204 29.95435305
 29.80583588 29.88841034 29.92652693 29.68994215 29.03242444 27.89715326
 26.30532922 24.33922552 22.12572465 19.8236902  17.6153898  15.69570247
 14.24369248 13.36220151 13.00781973 12.97953937 12.99255241 12.77827632
 12.15732696 11.07397888  9.58997202  7.8486017   6.04318894  4.43111759
  3.40604875  3.343075    3.9676368   4.6878593   5.175985    5.35037013
  5.36483425  5.63369128  6.58155004  8.21862732 10.25298592 12.42010499
 14.56282941 16.59215263 18.44809083 20.07907469 21.43406096 22.46346056
 23.13099142 23.44512869 23.51908954 23.6305066  24.15525236 25.30717253
 26.97937147 28.90627288 30.86870534 32.74030325 34.45351919 35.96586209
 37.2416189  38.24477813 38.94094419 39.31286093 39.40139329 39.37251095
 39.53209885 40.15466714 41.2634322  42.67136885 44.17526652 45.64303418
 47.00112913 48.20519482 49.22064005 50.01259566 50.54262437 50.77449642
 50.69978293 50.39755647 50.09499036 50.09114719 50.53165956 51.3266154
 52.2940209  53.28534652 54.20622356 54.99695075 55.61313773 56.01353898
 56.15423214 55.99091675 55.49869802 54.72544829 53.86405838 53.22675628
 53.04047197 53.28742488 53.78949198 54.3616829  54.87173845 55.23397469
 55.38957352 55.29157217]","[0.02389451 0.03114098 0.04438926 0.05483563 0.05837359 0.05588522
 0.05064318 0.04543755 0.04249046 0.04306664 0.04672003 0.05170795
 0.05608234 0.05826424 0.05726871 0.05286798 0.04579482 0.03877399
 0.03811728 0.04401209 0.04629624 0.04595901 0.04723295 0.05061835
 0.05485384 0.0584895  0.06036152 0.05971551 0.05639672 0.0511783
 0.04589254 0.04269641 0.04192933 0.03955273 0.03489841 0.04041522
 0.05180833 0.0616974  0.06847633 0.07180225 0.07151442 0.06765883
 0.06072005 0.05230696 0.0459089  0.04489864 0.04778568 0.04724279
 0.03999949 0.04518503 0.06234039 0.07675432 0.08560829 0.08913225
 0.08779671 0.08217211 0.07308875 0.06257583 0.0553681  0.05618804
 0.063249   0.06916917 0.069357   0.07155021 0.08224056 0.09471653
 0.10367361 0.10772598 0.10695133 0.10193243 0.09359179 0.0840643
 0.07797029 0.08001641 0.08945859 0.10002422 0.10560391 0.10648734
 0.10819242 0.11288447 0.11849659 0.12270304 0.12430438 0.12296576
 0.11905285 0.11414509 0.11148518 0.11456478 0.12380527 0.13496181
 0.14199026 0.14201217 0.13725468 0.13221673 0.13018292 0.13195064
 0.13633684 0.14136996 0.14540765 0.1479465  0.15006425 0.15399558
 0.16112271 0.1696784  0.17543886 0.17504307 0.1682168  0.15773807
 0.14834117 0.14494081 0.14987547 0.16109426 0.17370786 0.18323756
 0.18816329 0.1905771  0.1937615  0.19848198 0.20232354 0.2021502
 0.19640834 0.1861786  0.1754465  0.17027777 0.17570466 0.19120186
 0.20961666 0.22170871 0.22351322 0.21947699 0.21647154 0.21721818
 0.21997032 0.22108954 0.217426   0.20883607 0.19972221 0.19723384
 0.20694237 0.22852269 0.25276592 0.26388571 0.25609665 0.24148539
 0.23156628 0.22901303 0.23174515 0.23542497 0.23465421 0.22741394
 0.21915378 0.21932336 0.2342923  0.26388808 0.29745124 0.30917664
 0.28950821 0.26404423 0.24864712 0.24404508 0.24752821 0.25453913
 0.25783655 0.25314081 0.24603154 0.24808511 0.26705499 0.30337617
 0.34650424 0.36252478 0.33450536 0.3002909  0.28042964 0.27431616
 0.27870756 0.28899099 0.29715654 0.29742979 0.29429481 0.29971088
 0.32259945 0.36382196 0.41199322 0.4312234  0.4009521  0.36066905
 0.33602237 0.32795414 0.3328851  0.34581541 0.3589759  0.36646706
 0.37103599 0.38266195 0.40980573 0.45264911 0.49752001 0.5128361
 0.48411684 0.44260897]","[0.09766924 0.09747334 0.09783237 0.10134054 0.11129903 0.1276086
 0.14825845 0.17208121 0.19851246 0.22697641 0.25637798 0.28444605
 0.30685152 0.31686336 0.30793647 0.27959062 0.23908393 0.19705583
 0.165639   0.15970137 0.1880145  0.24108918 0.30750186 0.3813198
 0.45865597 0.53452197 0.59992951 0.63978886 0.6371958  0.58796732
 0.50646876 0.41299188 0.32669656 0.27088173 0.27134422 0.32893458
 0.42268196 0.53541645 0.65686542 0.77799262 0.88533912 0.95687793
 0.96662422 0.90540304 0.79272342 0.65885797 0.53068552 0.43586521
 0.40643292 0.45524719 0.56266261 0.70308017 0.85860714 1.01497764
 1.15436188 1.25037343 1.27286629 1.20945702 1.08043276 0.92229612
 0.76929928 0.65331942 0.60630388 0.64414849 0.75240139 0.90399123
 1.07572824 1.24808778 1.39949037 1.50287965 1.53116753 1.47401571
 1.34931151 1.19267667 1.04126734 0.9285537  0.88225129 0.91415204
 1.01307141 1.15523711 1.31637029 1.47414706 1.60635754 1.69097876
 1.71141464 1.66515147 1.56780091 1.44752642 1.33556753 1.25931516
 1.2369437  1.27221621 1.35410161 1.46311441 1.57817748 1.6801537
 1.75367854 1.78926449 1.78560234 1.75051385 1.6992653  1.65049276
 1.62110767 1.62158898 1.65296186 1.70673896 1.76807532 1.82067434
 1.85150595 1.85415773 1.83032853 1.78944344 1.74672893 1.72000208
 1.72518803 1.77128467 1.8567891  1.96907116 2.08628643 2.18140039
 2.22893051 2.21342294 2.13519924 2.00966465 1.86221014 1.72354102
 1.62673414 1.60210069 1.66655873 1.81528561 2.02516663 2.26234445
 2.48472169 2.64385741 2.69610338 2.62238407 2.43853985 2.1848765
 1.90929191 1.66090184 1.49317591 1.45870115 1.57826862 1.82371157
 2.14627914 2.49673845 2.82087986 3.05333983 3.13066264 3.02496146
 2.76325163 2.4073219  2.0228594  1.67128489 1.42340378 1.36320899
 1.52357484 1.84597881 2.25543417 2.69266427 3.09773848 3.39580852
 3.50924195 3.39959611 3.09658155 2.6756181  2.21630333 1.78917611
 1.47473573 1.38021558 1.55587658 1.92207856 2.38384061 2.87422214
 3.32989771 3.67281402 3.82025049 3.72666885 3.41733838 2.97122086
 2.47723616 2.0148828  1.66997955 1.55197293 1.71630959 2.08540818
 2.55816486 3.06145044 3.5290816  3.88489977 4.05098262 3.98231923
 3.69726451 3.26849712 2.78662231 2.33776784 2.00945326 1.89480706
 2.03408168 2.36675543]",86.34303228014014,89.97557947937486,58.47044865922766,25.237018011406462,0.1324763674944749,9.322458628645323,270.6643228211894,3.75,2059.388805891619,3000,0.49999840754606956,0.8134830394065173,0.3918960007485781,26.926663732050265,0.07601210819750776,0.1865169605934821,0.05469406600784821,1.853568343515743
prolate,1.2,10000.0,"[-4.   -3.98 -3.96 -3.94 -3.92 -3.9  -3.88 -3.86 -3.84 -3.82 -3.8  -3.78
 -3.76 -3.74 -3.72 -3.7  -3.68 -3.66 -3.64 -3.62 -3.6  -3.58 -3.56 -3.54
 -3.52 -3.5  -3.48 -3.46 -3.44 -3.42 -3.4  -3.38 -3.36 -3.34 -3.32 -3.3
 -3.28 -3.26 -3.24 -3.22 -3.2  -3.18 -3.16 -3.14 -3.12 -3.1  -3.08 -3.06
 -3.04 -3.02 -3.   -2.98 -2.96 -2.94 -2.92 -2.9  -2.88 -2.86 -2.84 -2.82
 -2.8  -2.78 -2.76 -2.74 -2.72 -2.7  -2.68 -2.66 -2.64 -2.62 -2.6  -2.58
 -2.56 -2.54 -2.52 -2.5  -2.48 -2.46 -2.44 -2.42 -2.4  -2.38 -2.36 -2.34
 -2.32 -2.3  -2.28 -2.26 -2.24 -2.22 -2.2  -2.18 -2.16 -2.14 -2.12 -2.1
 -2.08 -2.06 -2.04 -2.02 -2.   -1.98 -1.96 -1.94 -1.92 -1.9  -1.88 -1.86
 -1.84 -1.82 -1.8  -1.78 -1.76 -1.74 -1.72 -1.7  -1.68 -1.66 -1.64 -1.62
 -1.6  -1.58 -1.56 -1.54 -1.52 -1.5  -1.48 -1.46 -1.44 -1.42 -1.4  -1.38
 -1.36 -1.34 -1.32 -1.3  -1.28 -1.26 -1.24 -1.22 -1.2  -1.18 -1.16 -1.14
 -1.12 -1.1  -1.08 -1.06 -1.04 -1.02 -1.   -0.98 -0.96 -0.94 -0.92 -0.9
 -0.88 -0.86 -0.84 -0.82 -0.8  -0.78 -0.76 -0.74 -0.72 -0.7  -0.68 -0.66
 -0.64 -0.62 -0.6  -0.58 -0.56 -0.54 -0.52 -0.5  -0.48 -0.46 -0.44 -0.42
 -0.4  -0.38 -0.36 -0.34 -0.32 -0.3  -0.28 -0.26 -0.24 -0.22 -0.2  -0.18
 -0.16 -0.14 -0.12 -0.1  -0.08 -0.06 -0.04 -0.02]","[89.73763797 89.66512069 89.47577714 89.80937168 89.11888368 88.07061902
 87.45318243 87.24317972 87.33747135 87.63233577 88.03182349 88.45082496
 88.82343893 89.120259   89.36286617 89.62447312 89.93123976 88.92690056
 86.59649136 83.12399684 81.84194816 82.63590174 83.78346305 84.85699023
 85.83085026 86.7163557  87.51092845 88.21733794 88.88634049 89.64019019
 89.31223967 87.62319876 84.76404385 80.64383767 77.96273658 78.63738001
 80.48951301 82.28124595 83.84839834 85.23026961 86.46048966 87.56267227
 88.60131291 89.72140768 88.86183723 86.85552084 83.90410753 80.01076337
 76.91903912 76.77628047 78.53650559 80.6554777  82.62702194 84.38741077
 85.95629262 87.36399571 88.67968189 89.95344489 88.34109302 86.27066831
 83.57132179 80.41523111 77.91698134 77.45142753 78.73854311 80.69213162
 82.70134828 84.57499748 86.2767394  87.82106395 89.26513239 89.28239031
 87.68801477 85.84397694 83.74633646 81.65595993 80.21322949 80.01182949
 80.95097535 82.49663925 84.22671969 85.93534319 87.5456539  89.04385989
 89.54711775 88.18297045 86.82398098 85.47458248 84.22931038 83.29615922
 82.92523515 83.23335593 84.11498235 85.35296279 86.75585776 88.20073966
 89.61862981 89.02987132 87.77492642 86.65379244 85.7226133  85.05777323
 84.73780505 84.80811471 85.25472502 86.01313268 87.0017117  88.14838833
 89.39725438 89.29893618 87.99243914 86.75601316 85.69464519 84.93946957
 84.6058492  84.72830828 85.23496945 85.99669293 86.89983658 87.88306743
 88.93254069 89.94171621 88.72977978 87.44133287 86.12737327 84.91302334
 84.02526358 83.72988601 84.11677311 84.98601888 86.04249604 87.09383963
 88.07532137 89.00449975 89.93401915 89.08533958 88.02343213 86.87553591
 85.67874549 84.57422668 83.9117706  84.13308683 85.16187518 86.42304219
 87.54359238 88.44076799 89.15642383 89.77487782 89.617761   88.97078848
 88.27893649 87.56290179 86.86600155 86.31015371 86.22631927 87.00175653
 88.20359956 89.16362369 89.78265145 89.85411946 89.65302665 89.52328202
 89.38546341 89.20899442 89.03123803 88.92912096 88.9979463  89.38190332
 89.69423697 88.33186664 87.51400043 87.42237327 87.65249965 88.01203683
 88.42656042 88.84651089 89.22712024 89.55972647 89.90987064 89.59701814
 88.81268537 87.57425991 85.79436857 84.07973622 83.73524152 84.46289323
 85.47464491 86.49172924 87.45680023 88.36042198 89.19455385 89.96728508
 89.25282747 88.33057112 87.11148133 85.48330345 83.54546693 82.05994182
 82.01445685 83.06204847]","[ 0.          1.80030797  3.88303416  6.11033653  8.36319184 10.54658169
 12.58208984 14.39870727 15.92701323 17.09959031 17.8634782  18.2172641
 18.28513764 18.38750163 18.94672844 20.17959941 21.95710079 24.00792854
 26.11710367 28.15741275 30.05459779 31.75650606 33.21623237 34.38526538
 35.21601705 35.68118477 35.82569476 35.84623556 36.08845052 36.83137861
 38.07736896 39.63491868 41.30911938 42.97121177 44.54390276 45.97523936
 47.22099335 48.23480719 48.96468178 49.3602675  49.4060116  49.1959364
 48.99407467 49.1197831  49.70741891 50.66037308 51.80525767 53.00041318
 54.15049931 55.18938437 56.06313414 56.71856156 57.09733518 57.13927702
 56.80802406 56.15802651 55.41253028 54.90815714 54.86513876 55.25619647
 55.91219034 56.66014288 57.37101213 57.95406688 58.34047578 58.47044866
 58.28714917 57.74143567 56.8176945  55.59129434 54.28843248 53.24165526
 52.69627831 52.65869708 52.95255211 53.36190919 53.71139889 53.87822112
 53.77866037 53.35380925 52.56321331 51.39098214 49.86916686 48.11668096
 46.36553639 44.91549588 43.99723444 43.64374065 43.69284673 43.89679632
 44.02534302 43.90977654 43.44448155 42.57502531 41.28965674 39.62039469
 37.65328534 35.54066244 33.49979274 31.77773005 30.57457204 29.95435305
 29.80583588 29.88841034 29.92652693 29.68994215 29.03242444 27.89715326
 26.30532922 24.33922552 22.12572465 19.8236902  17.6153898  15.69570247
 14.24369248 13.36220151 13.00781973 12.97953937 12.99255241 12.77827632
 12.15732696 11.07397888  9.58997202  7.8486017   6.04318894  4.43111759
  3.40604875  3.343075    3.9676368   4.6878593   5.175985    5.35037013
  5.36483425  5.63369128  6.58155004  8.21862732 10.25298592 12.42010499
 14.56282941 16.59215263 18.44809083 20.07907469 21.43406096 22.46346056
 23.13099142 23.44512869 23.51908954 23.6305066  24.15525236 25.30717253
 26.97937147 28.90627288 30.86870534 32.74030325 34.45351919 35.96586209
 37.2416189  38.24477813 38.94094419 39.31286093 39.40139329 39.37251095
 39.53209885 40.15466714 41.2634322  42.67136885 44.17526652 45.64303418
 47.00112913 48.20519482 49.22064005 50.01259566 50.54262437 50.77449642
 50.69978293 50.39755647 50.09499036 50.09114719 50.53165956 51.3266154
 52.2940209  53.28534652 54.20622356 54.99695075 55.61313773 56.01353898
 56.15423214 55.99091675 55.49869802 54.72544829 53.86405838 53.22675628
 53.04047197 53.28742488 53.78949198 54.3616829  54.87173845 55.23397469
 55.38957352 55.29157217]","[0.02589589 0.03397982 0.04851973 0.05979182 0.06342173 0.06057045
 0.05479559 0.04907793 0.04581462 0.04639263 0.05034215 0.05576997
 0.06055696 0.06298901 0.06199758 0.05733534 0.04981191 0.04241633
 0.04184935 0.04794729 0.05004498 0.0494974  0.05080161 0.05444595
 0.05903871 0.06299815 0.06506819 0.06444904 0.06098441 0.05551023
 0.05003244 0.04690682 0.04644401 0.04412274 0.03883432 0.04393179
 0.05580763 0.06638866 0.07371406 0.07735497 0.07715808 0.0732274
 0.06610507 0.05750445 0.05121611 0.05081287 0.05459663 0.05478758
 0.04750152 0.0513667  0.06820864 0.08316479 0.09256909 0.09644296
 0.09529692 0.08982522 0.08093283 0.07073653 0.06423654 0.06616031
 0.07448049 0.08148461 0.08181105 0.08275113 0.09216602 0.10432239
 0.11348333 0.11790567 0.11762042 0.11328378 0.10583715 0.0974266
 0.09272699 0.09625514 0.10702745 0.11851964 0.12407113 0.12381258
 0.12399077 0.12762026 0.13290657 0.13742942 0.13987169 0.1398104
 0.13751607 0.13448665 0.13383457 0.13872057 0.14918314 0.16075421
 0.16730184 0.16615498 0.16004829 0.1539707  0.15150122 0.15355377
 0.15892489 0.16553123 0.17158777 0.17642788 0.18085329 0.18661437
 0.19458874 0.20290593 0.20768741 0.20605074 0.1981447  0.18707721
 0.17776018 0.17505787 0.18116796 0.19402766 0.20870727 0.22043882
 0.22721055 0.23061966 0.23373832 0.23759591 0.24027767 0.23901468
 0.23245527 0.22188329 0.21154346 0.20764232 0.21508742 0.23312469
 0.2541533  0.26801446 0.27000397 0.26479655 0.26011848 0.25944331
 0.2613209  0.26196492 0.25796535 0.24920646 0.24052706 0.23968099
 0.25262489 0.27883901 0.30759758 0.32007098 0.30933882 0.29013818
 0.27656562 0.2722029  0.27475277 0.27902974 0.27880702 0.27189229
 0.26428251 0.26643681 0.28576391 0.322453   0.36366193 0.37677493
 0.34992812 0.31594782 0.29505716 0.28851039 0.29273157 0.30164637
 0.30669615 0.30329914 0.29758699 0.30227642 0.32658196 0.3718937
 0.42552712 0.44353794 0.40462065 0.35853604 0.33169062 0.32354726
 0.32944324 0.34278282 0.35397104 0.35688707 0.35650691 0.36579501
 0.39512194 0.4463768  0.50588877 0.52724861 0.48487058 0.43105426
 0.39834714 0.38790549 0.39454752 0.41118007 0.42846319 0.44011849
 0.44923789 0.46648555 0.50129799 0.55423176 0.60874833 0.62489805
 0.58534158 0.53099399]","[0.10586103 0.10569525 0.1062706  0.11050299 0.12189497 0.14011417
 0.16296118 0.18920985 0.21826159 0.2494839  0.28166386 0.31229449
 0.33661914 0.34727939 0.33717644 0.30588628 0.2614383  0.21555496
 0.18162842 0.17592892 0.20751855 0.2658152  0.33853232 0.41926632
 0.50376929 0.58655867 0.65777184 0.70091964 0.69764621 0.6435423
 0.5543765  0.45237686 0.35859248 0.29855358 0.30004574 0.36346403
 0.46600883 0.58915256 0.72172615 0.85380768 0.97061012 1.04806185
 1.05800789 0.99071924 0.86752731 0.72148127 0.58204521 0.47954905
 0.44874866 0.50303294 0.62072169 0.77409935 0.94376924 1.11411334
 1.26555273 1.36928878 1.39277938 1.32295333 1.18194883 1.00949539
 0.84306323 0.71759274 0.66784485 0.71058556 0.82956571 0.99527821
 1.18254593 1.37005208 1.53418427 1.64553133 1.67500941 1.61183394
 1.47554349 1.30484318 1.1402991  1.01854277 0.96971452 1.00618565
 1.11523708 1.27077552 1.44634439 1.61762601 1.76047703 1.85114169
 1.87196775 1.82058185 1.71408633 1.58313542 1.46179967 1.37995305
 1.35721594 1.39724618 1.4875821  1.60677712 1.73185384 1.8420772
 1.92092544 1.95834728 1.95319049 1.91417242 1.85804439 1.80518287
 1.77401141 1.77578643 1.81128505 1.87087405 1.93813378 1.99528327
 2.02827038 2.03031656 2.00345918 1.95811103 1.91099358 1.8816671
 1.88761119 1.93862307 2.03282468 2.156034   2.28406273 2.38734835
 2.43838596 2.42073798 2.33495919 2.19778686 2.03679508 1.88548737
 1.78013875 1.75409453 1.82584905 1.98968718 2.21967331 2.4782017
 2.71901456 2.88978457 2.94434794 2.8630516  2.66292957 2.38700299
 2.08697136 1.81647278 1.63440814 1.59901869 1.73272583 2.00318946
 2.35609324 2.73702666 3.08645293 3.33414358 3.41396846 3.29783706
 3.01419829 2.62813225 2.21021095 1.82756991 1.55839396 1.49647883
 1.67703641 2.03240745 2.47973787 2.95398093 3.38926804 3.70538496
 3.82222178 3.70157865 3.37437385 2.91907573 2.4206752  1.95622461
 1.61465552 1.51646514 1.71594188 2.11977141 2.62354699 3.15433277
 3.64265496 4.00510933 4.15688308 4.05308776 3.71997208 3.238873
 2.70400816 2.20195466 1.82764588 1.70446845 1.89263885 2.30005544
 2.81519903 3.3587045  3.8584661  4.23356838 4.40446677 4.32696587
 4.02035631 3.55914559 3.03868423 2.55233922 2.19707922 2.07785358
 2.23789098 2.605156  ]",86.3121544020462,89.96728508394455,58.47044865922766,25.237018011406462,0.1610454290935517,8.49307035842113,271.7688362646317,3.75,2042.74132813548,3000,0.49999840754606956,0.8134830394065173,0.3918960007485781,26.926663732050265,0.07601210819750776,0.1865169605934821,0.05469406600784821,1.853568343515743
prolate,1.2,20000.0,"[-4.   -3.98 -3.96 -3.94 -3.92 -3.9  -3.88 -3.86 -3.84 -3.82 -3.8  -3.78
 -3.76 -3.74 -3.72 -3.7  -3.68 -3.66 -3.64 -3.62 -3.6  -3.58 -3.56 -3.54
 -3.52 -3.5  -3.48 -3.46 -3.44 -3.42 -3.4  -3.38 -3.36 -3.34 -3.32 -3.3
 -3.28 -3.26 -3.24 -3.22 -3.2  -3.18 -3.16 -3.14 -3.12 -3.1  -3.08 -3.06
 -3.04 -3.02 -3.   -2.98 -2.96 -2.94 -2.92 -2.9  -2.88 -2.86 -2.84 -2.82
 -2.8  -2.78 -2.76 -2.74 -2.72 -2.7  -2.68 -2.66 -2.64 -2.62 -2.6  -2.58
 -2.56 -2.54 -2.52 -2.5  -2.48 -2.46 -2.44 -2.42 -2.4  -2.38 -2.36 -2.34
 -2.32 -2.3  -2.28 -2.26 -2.24 -2.22 -2.2  -2.18 -2.16 -2.14 -2.12 -2.1
 -2.08 -2.06 -2.04 -2.02 -2.   -1.98 -1.96 -1.94 -1.92 -1.9  -1.88 -1.86
 -1.84 -1.82 -1.8  -1.78 -1.76 -1.74 -1.72 -1.7  -1.68 -1.66 -1.64 -1.62
 -1.6  -1.58 -1.56 -1.54 -1.52 -1.5  -1.48 -1.46 -1.44 -1.42 -1.4  -1.38
 -1.36 -1.34 -1.32 -1.3  -1.28 -1.26 -1.24 -1.22 -1.2  -1.18 -1.16 -1.14
 -1.12 -1.1  -1.08 -1.06 -1.04 -1.02 -1.   -0.98 -0.96 -0.94 -0.92 -0.9
 -0.88 -0.86 -0.84 -0.82 -0.8  -0.78 -0.76 -0.74 -0.72 -0.7  -0.68 -0.66
 -0.64 -0.62 -0.6  -0.58 -0.56 -0.54 -0.52 -0.5  -0.48 -0.46 -0.44 -0.42
 -0.4  -0.38 -0.36 -0.34 -0.32 -0.3  -0.28 -0.26 -0.24 -0.22 -0.2  -0.18
 -0.16 -0.14 -0.12 -0.1  -0.08 -0.06 -0.04 -0.02]","[89.86931945 89.80811527 89.31665462 89.29548919 89.89200228 88.93864835
 88.3243774  88.06953384 88.0914027  88.29813048 88.60115626 88.91982899
 89.19033692 89.38228344 89.51090125 89.63531827 89.89826901 89.34152
 87.28242074 83.89659622 82.51057788 83.20968361 84.26825714 85.25763493
 86.15493788 86.97183456 87.70454864 88.35314891 88.96352385 89.65096634
 89.38439033 87.80383524 85.07270144 81.01954425 78.29464711 78.94794714
 80.77389864 82.52459286 84.04851057 85.39064274 86.58562244 87.65567712
 88.66141358 89.74265456 88.88898611 86.94264416 84.05606211 80.19022107
 77.05414939 76.89114672 78.65759187 80.77348988 82.73319571 84.47898904
 86.0338455  87.42893837 88.73070039 89.92314718 88.3402369  86.30514136
 83.63769668 80.48361072 77.94195934 77.44759423 78.74281913 80.71107495
 82.72935209 84.60740357 86.31204866 87.85964453 89.30536953 89.24739003
 87.66675869 85.839699   83.75177133 81.6495564  80.17372587 79.94879977
 80.88965137 82.44962948 84.19579793 85.91955801 87.54482739 89.05832006
 89.51899558 88.14620013 86.7842229  85.43330452 84.18141077 83.23297254
 82.84350085 83.14078359 84.02385695 85.27261631 86.69175472 88.15618769
 89.59575915 89.03017626 87.75324879 86.611701   85.66161225 84.9788166
 84.64225379 84.69940509 85.13888753 85.8976409  86.89398745 88.05489189
 89.32304736 89.35027716 88.01846045 86.75475265 85.66436971 84.87940675
 84.51752307 84.61589907 85.1042978  85.85456119 86.75445334 87.74417175
 88.80972014 89.95822049 88.80422445 87.48889112 86.14508903 84.895071
 83.96684664 83.63546503 83.9989584  84.85261815 85.89463388 86.93299967
 87.90824417 88.84461879 89.79686922 89.1905887  88.09630667 86.91751548
 85.68512427 84.53110972 83.80824962 83.99480461 85.02438451 86.28299368
 87.39062523 88.27256368 88.97833479 89.60154205 89.76618881 89.07997826
 88.34593315 87.58846427 86.843525   86.22061157 86.0577699  86.82032058
 88.05486993 89.01447501 89.62143698 89.97327788 89.83303669 89.70006055
 89.54019224 89.32167394 89.08887501 88.9235809  88.91648904 89.20392644
 89.95785562 88.55298071 87.68526467 87.59790691 87.83086004 88.18881481
 88.6012466  89.01664639 89.38098931 89.67477566 89.96012545 89.63428524
 88.95830684 87.84325602 86.13634781 84.32367556 83.92419993 84.65714237
 85.65990129 86.66147426 87.61464955 88.51200859 89.33640819 89.92150097
 89.20643989 88.38322514 87.28623537 85.77581725 83.87286267 82.28299544
 82.1797795  83.22588212]","[ 0.          1.80030797  3.88303416  6.11033653  8.36319184 10.54658169
 12.58208984 14.39870727 15.92701323 17.09959031 17.8634782  18.2172641
 18.28513764 18.38750163 18.94672844 20.17959941 21.95710079 24.00792854
 26.11710367 28.15741275 30.05459779 31.75650606 33.21623237 34.38526538
 35.21601705 35.68118477 35.82569476 35.84623556 36.08845052 36.83137861
 38.07736896 39.63491868 41.30911938 42.97121177 44.54390276 45.97523936
 47.22099335 48.23480719 48.96468178 49.3602675  49.4060116  49.1959364
 48.99407467 49.1197831  49.70741891 50.66037308 51.80525767 53.00041318
 54.15049931 55.18938437 56.06313414 56.71856156 57.09733518 57.13927702
 56.80802406 56.15802651 55.41253028 54.90815714 54.86513876 55.25619647
 55.91219034 56.66014288 57.37101213 57.95406688 58.34047578 58.47044866
 58.28714917 57.74143567 56.8176945  55.59129434 54.28843248 53.24165526
 52.69627831 52.65869708 52.95255211 53.36190919 53.71139889 53.87822112
 53.77866037 53.35380925 52.56321331 51.39098214 49.86916686 48.11668096
 46.36553639 44.91549588 43.99723444 43.64374065 43.69284673 43.89679632
 44.02534302 43.90977654 43.44448155 42.57502531 41.28965674 39.62039469
 37.65328534 35.54066244 33.49979274 31.77773005 30.57457204 29.95435305
 29.80583588 29.88841034 29.92652693 29.68994215 29.03242444 27.89715326
 26.30532922 24.33922552 22.12572465 19.8236902  17.6153898  15.69570247
 14.24369248 13.36220151 13.00781973 12.97953937 12.99255241 12.77827632
 12.15732696 11.07397888  9.58997202  7.8486017   6.04318894  4.43111759
  3.40604875  3.343075    3.9676368   4.6878593   5.175985    5.35037013
  5.36483425  5.63369128  6.58155004  8.21862732 10.25298592 12.42010499
 14.56282941 16.59215263 18.44809083 20.07907469 21.43406096 22.46346056
 23.13099142 23.44512869 23.51908954 23.6305066  24.15525236 25.30717253
 26.97937147 28.90627288 30.86870534 32.74030325 34.45351919 35.96586209
 37.2416189  38.24477813 38.94094419 39.31286093 39.40139329 39.37251095
 39.53209885 40.15466714 41.2634322  42.67136885 44.17526652 45.64303418
 47.00112913 48.20519482 49.22064005 50.01259566 50.54262437 50.77449642
 50.69978293 50.39755647 50.09499036 50.09114719 50.53165956 51.3266154
 52.2940209  53.28534652 54.20622356 54.99695075 55.61313773 56.01353898
 56.15423214 55.99091675 55.49869802 54.72544829 53.86405838 53.22675628
 53.04047197 53.28742488 53.78949198 54.3616829  54.87173845 55.23397469
 55.38957352 55.29157217]","[0.0323087  0.04197375 0.06009685 0.07450701 0.07943276 0.07601877
 0.06883001 0.0617422  0.05781878 0.05876447 0.06390428 0.07081459
 0.07683227 0.07981668 0.07843974 0.07240488 0.06273749 0.05319423
 0.05237244 0.0604075  0.06339973 0.06284976 0.06457991 0.06923323
 0.07505596 0.08006396 0.08268902 0.08193093 0.07756685 0.07061493
 0.06363666 0.05971378 0.0594574  0.05735952 0.05134911 0.05739535
 0.07186996 0.08495495 0.09410109 0.09873117 0.09866312 0.09403004
 0.08540221 0.07476686 0.06690725 0.06654868 0.07201977 0.07401581
 0.06685983 0.07069711 0.08985623 0.10772432 0.11927794 0.12430141
 0.12339992 0.11741751 0.10727349 0.09530411 0.08761399 0.09027661
 0.10145955 0.11201215 0.11417533 0.1147352  0.12424013 0.13786104
 0.14880866 0.15466726 0.1553367  0.15148346 0.14395446 0.13502676
 0.13021127 0.13513689 0.14918551 0.16465818 0.17253248 0.17178693
 0.17039836 0.17341067 0.17941906 0.18553674 0.18995455 0.19185783
 0.19123061 0.18958498 0.19045808 0.19755786 0.21103173 0.22557728
 0.23355939 0.23156022 0.2232311  0.21522725 0.21228968 0.2156104
 0.22361685 0.23360615 0.24324033 0.25151251 0.25906249 0.26750973
 0.27752232 0.28694106 0.29160157 0.28858332 0.27849481 0.26535723
 0.25511545 0.25335513 0.26244395 0.27994446 0.30002703 0.31668279
 0.32680663 0.33157826 0.3344685  0.33727554 0.33858575 0.33570009
 0.32727564 0.31496369 0.30387969 0.30136546 0.31316719 0.33837505
 0.36749539 0.38695531 0.38963901 0.38120799 0.372276   0.36835922
 0.3683749  0.36784403 0.36262757 0.35254954 0.34337066 0.34472599
 0.36457433 0.40287731 0.44536088 0.46439643 0.44814957 0.41790946
 0.39507758 0.38565837 0.38663117 0.39086867 0.39062816 0.38329485
 0.37561888 0.38056078 0.40902141 0.46332385 0.52700856 0.55010245
 0.50938008 0.45531004 0.42053014 0.40778362 0.41124668 0.42164807
 0.42834924 0.4262654  0.42193755 0.43050676 0.46563912 0.5324934
 0.61639836 0.65009602 0.59083216 0.51707956 0.47257848 0.45731741
 0.46312347 0.47933772 0.49403555 0.50073734 0.50463518 0.52046939
 0.56290601 0.63812363 0.730931   0.77107919 0.70751175 0.62233376
 0.5691031  0.55018301 0.55655109 0.57688052 0.59952302 0.61789712
 0.63525153 0.6632577  0.71437412 0.79225609 0.87721426 0.90879358
 0.85147557 0.76760002]","[0.13270741 0.13239613 0.13272344 0.1372041  0.15047784 0.17248903
 0.20042408 0.23265614 0.26841179 0.30691101 0.34667251 0.38462527
 0.41492079 0.42847779 0.41647159 0.37823151 0.32351013 0.26663995
 0.22397413 0.21567913 0.25385916 0.32563664 0.41546912 0.51531146
 0.61989115 0.72243621 0.81077304 0.8645706  0.86119085 0.79498628
 0.68507112 0.55871443 0.44178479 0.36582893 0.36615954 0.44405588
 0.57087933 0.72333358 0.88748275 1.05102235 1.19567256 1.29182767
 1.30505557 1.22321568 1.07182344 0.89123608 0.71774685 0.58882553
 0.54833841 0.61426452 0.7596033  0.94943139 1.15945414 1.37023339
 1.55753827 1.68605287 1.71628998 1.63217092 1.45972598 1.24702497
 1.04017589 0.88248698 0.81785279 0.86861928 1.01494125 1.21966634
 1.45120673 1.68299311 1.88583597 2.02381389 2.06182111 1.98660409
 1.8208598  1.61097131 1.40663058 1.25338876 1.18953101 1.23178419
 1.36492666 1.55632727 1.77288146 1.9843645  2.16105861 2.27404293
 2.30193728 2.24151185 2.11269448 1.95211776 1.80136171 1.69763751
 1.666116   1.71236228 1.82152715 1.96717213 2.12086404 2.25704317
 2.35543137 2.40363902 2.39994555 2.35444638 2.28701009 2.22218136
 2.18252869 2.1822347  2.22285574 2.29318619 2.37358157 2.44259201
 2.4831688  2.48692987 2.45602576 2.40270561 2.3469662  2.31243977
 2.320382   2.38270408 2.4969887  2.64580225 2.79977054 2.92349478
 2.98446893 2.96331475 2.86035847 2.69493251 2.49969082 2.31514256
 2.185921   2.15370398 2.24183496 2.4428728  2.72383995 3.03767562
 3.32782097 3.53237324 3.59839188 3.50328827 3.26527936 2.93307666
 2.56780446 2.23488177 2.00768106 1.96112296 2.12534357 2.45824068
 2.89006419 3.35229183 3.77186236 4.06669714 4.16326662 4.0304654
 3.69737557 3.23550934 2.72759029 2.25562436 1.91654332 1.83280701
 2.05512616 2.49334758 3.04059305 3.61506199 4.13571894 4.50959555
 4.64963376 4.51503743 4.13598049 3.59591128 2.99277884 2.42046576
 1.98834764 1.8542059  2.09966962 2.59786144 3.21336531 3.85485377
 4.43701996 4.86385611 5.04444775 4.93198464 4.55106803 3.98571809
 3.34196889 2.72423408 2.24945418 2.08019695 2.3093291  2.81107343
 3.43913101 4.09426564 4.68870257 5.12995888 5.33317064 5.25259483
 4.90582838 4.36850538 3.74556676 3.14783424 2.69591421 2.53057166
 2.72055752 3.1695449 ]",86.39243304044265,89.97327787673292,58.47044865922766,25.237018011406462,0.2305741819035972,7.306387505950362,269.0465457601315,3.75,2043.2965401595172,3000,0.49999840754606956,0.8134830394065173,0.3918960007485781,26.926663732050265,0.07601210819750776,0.1865169605934821,0.05469406600784821,1.853568343515743
