halo,q,mass,time_Gyr,theta_plane,delta_L,sigma_perp,sigma_parallel,theta_plane_mean,theta_plane_max,precession_max,precession_slope,thickness_slope,elongation_ratio,oscillation_amp,dominant_frequency,oscillation_power,n_particles,PC1,PC2,flattening,A_omega,B_omega,fz_mean,Omega_norm,delta_A_omega,delta_B_omega,delta_fz_mean,delta_Omega_norm
spherical,1.0,8000.0,"[-4.   -3.98 -3.96 -3.94 -3.92 -3.9  -3.88 -3.86 -3.84 -3.82 -3.8  -3.78
 -3.76 -3.74 -3.72 -3.7  -3.68 -3.66 -3.64 -3.62 -3.6  -3.58 -3.56 -3.54
 -3.52 -3.5  -3.48 -3.46 -3.44 -3.42 -3.4  -3.38 -3.36 -3.34 -3.32 -3.3
 -3.28 -3.26 -3.24 -3.22 -3.2  -3.18 -3.16 -3.14 -3.12 -3.1  -3.08 -3.06
 -3.04 -3.02 -3.   -2.98 -2.96 -2.94 -2.92 -2.9  -2.88 -2.86 -2.84 -2.82
 -2.8  -2.78 -2.76 -2.74 -2.72 -2.7  -2.68 -2.66 -2.64 -2.62 -2.6  -2.58
 -2.56 -2.54 -2.52 -2.5  -2.48 -2.46 -2.44 -2.42 -2.4  -2.38 -2.36 -2.34
 -2.32 -2.3  -2.28 -2.26 -2.24 -2.22 -2.2  -2.18 -2.16 -2.14 -2.12 -2.1
 -2.08 -2.06 -2.04 -2.02 -2.   -1.98 -1.96 -1.94 -1.92 -1.9  -1.88 -1.86
 -1.84 -1.82 -1.8  -1.78 -1.76 -1.74 -1.72 -1.7  -1.68 -1.66 -1.64 -1.62
 -1.6  -1.58 -1.56 -1.54 -1.52 -1.5  -1.48 -1.46 -1.44 -1.42 -1.4  -1.38
 -1.36 -1.34 -1.32 -1.3  -1.28 -1.26 -1.24 -1.22 -1.2  -1.18 -1.16 -1.14
 -1.12 -1.1  -1.08 -1.06 -1.04 -1.02 -1.   -0.98 -0.96 -0.94 -0.92 -0.9
 -0.88 -0.86 -0.84 -0.82 -0.8  -0.78 -0.76 -0.74 -0.72 -0.7  -0.68 -0.66
 -0.64 -0.62 -0.6  -0.58 -0.56 -0.54 -0.52 -0.5  -0.48 -0.46 -0.44 -0.42
 -0.4  -0.38 -0.36 -0.34 -0.32 -0.3  -0.28 -0.26 -0.24 -0.22 -0.2  -0.18
 -0.16 -0.14 -0.12 -0.1  -0.08 -0.06 -0.04 -0.02]","[89.94511582 89.8420304  89.73917474 89.65318658 89.63055091 89.66933
 89.72798975 89.787245   89.84175856 89.89024857 89.93275085 89.96994246
 89.99698242 89.96626318 89.93570034 89.90333893 89.86865469 89.83438032
 89.81030032 89.81643533 89.85790155 89.90573092 89.9436981  89.9719617
 89.99323143 89.99039921 89.97740366 89.96650947 89.95660658 89.94692896
 89.93732952 89.92870959 89.92426076 89.93084531 89.95229743 89.97785262
 89.99735158 89.98967249 89.98123552 89.97580273 89.97235649 89.97018449
 89.96883059 89.96818608 89.96857556 89.97083835 89.97658004 89.98807459
 89.99514919 89.98039271 89.97250385 89.96972313 89.96967725 89.97108526
 89.97331786 89.97607006 89.97928785 89.98319878 89.98831541 89.99540737
 89.99456022 89.98107145 89.96669535 89.95817124 89.95774723 89.96168902
 89.96701886 89.9725816  89.97804677 89.98340654 89.98885632 89.99478215
 89.9982755  89.9896857  89.97888194 89.96610743 89.95457076 89.95047425
 89.95477163 89.96265521 89.97085008 89.97836899 89.98512954 89.99133043
 89.99730157 89.99653064 89.98969277 89.98173353 89.97238595 89.962221
 89.95429184 89.95377718 89.96077251 89.97024902 89.97914217 89.98676331
 89.9932461  89.9989139  89.99586221 89.99069777 89.98524002 89.97922786
 89.9726272  89.96612127 89.96221823 89.96468126 89.97280418 89.98195962
 89.98979723 89.99607344 89.9988911  89.99472282 89.99108299 89.98768231
 89.98431114 89.98088398 89.97753684 89.97494531 89.97493209 89.97970315
 89.98772685 89.99514948 89.99929816 89.99531464 89.99243047 89.99028627
 89.98862711 89.98728518 89.98619175 89.98540381 89.98516331 89.98606615
 89.98926035 89.99550381 89.99750478 89.99267987 89.99004853 89.9887555
 89.98823776 89.98820141 89.98850294 89.98909815 89.99003814 89.9914785
 89.99370499 89.99719041 89.99749641 89.99075225 89.9854567  89.98355887
 89.98389681 89.98516247 89.9867749  89.98854206 89.9904367  89.99252076
 89.99493162 89.99787616 89.99837009 89.99347919 89.98732809 89.98108114
 89.97788592 89.97877553 89.98162798 89.98488355 89.98803574 89.99101527
 89.99389725 89.99681912 89.99996506 89.9964511  89.99220504 89.98711692
 89.98136959 89.97650029 89.97555359 89.97872611 89.98327909 89.98766765
 89.99155701 89.9950063  89.99816582 89.99878804 89.99566334 89.99227601
 89.98847841 89.98422634 89.97988121 89.97701534 89.97821276 89.98292077
 89.98817688 89.99273239 89.99650751 89.99967981 89.99755919 89.9950301
 89.99256644 89.9900399 ]","[0. 0. 0. 0. 0. 0. 0. 0. 0. 0. 0. 0. 0. 0. 0. 0. 0. 0. 0. 0. 0. 0. 0. 0.
 0. 0. 0. 0. 0. 0. 0. 0. 0. 0. 0. 0. 0. 0. 0. 0. 0. 0. 0. 0. 0. 0. 0. 0.
 0. 0. 0. 0. 0. 0. 0. 0. 0. 0. 0. 0. 0. 0. 0. 0. 0. 0. 0. 0. 0. 0. 0. 0.
 0. 0. 0. 0. 0. 0. 0. 0. 0. 0. 0. 0. 0. 0. 0. 0. 0. 0. 0. 0. 0. 0. 0. 0.
 0. 0. 0. 0. 0. 0. 0. 0. 0. 0. 0. 0. 0. 0. 0. 0. 0. 0. 0. 0. 0. 0. 0. 0.
 0. 0. 0. 0. 0. 0. 0. 0. 0. 0. 0. 0. 0. 0. 0. 0. 0. 0. 0. 0. 0. 0. 0. 0.
 0. 0. 0. 0. 0. 0. 0. 0. 0. 0. 0. 0. 0. 0. 0. 0. 0. 0. 0. 0. 0. 0. 0. 0.
 0. 0. 0. 0. 0. 0. 0. 0. 0. 0. 0. 0. 0. 0. 0. 0. 0. 0. 0. 0. 0. 0. 0. 0.
 0. 0. 0. 0. 0. 0. 0. 0.]","[0.0238983  0.03090336 0.04410883 0.05488626 0.05873729 0.05588292
 0.04944224 0.04233992 0.03738224 0.03695318 0.04111405 0.04749548
 0.05340232 0.05675805 0.05613111 0.05080934 0.04149397 0.0332078
 0.03669531 0.04759827 0.05131371 0.04683484 0.04043192 0.03727756
 0.03934604 0.04480363 0.0506093  0.05450183 0.05515746 0.05211713
 0.04604586 0.03979053 0.03952545 0.0470875  0.05219824 0.04860336
 0.04157934 0.03798354 0.04025045 0.04602322 0.05199505 0.05596635
 0.05673827 0.05410402 0.04920735 0.0450773  0.04628849 0.05338494
 0.05807075 0.05374516 0.04565828 0.04205578 0.04510462 0.05150796
 0.05776847 0.06179527 0.06243956 0.05970158 0.0553892  0.05317965
 0.05694876 0.06584012 0.07163453 0.06720819 0.05802419 0.05369119
 0.05635705 0.06245445 0.06849833 0.07240866 0.07291885 0.07008557
 0.06638223 0.06621695 0.07303268 0.08505307 0.09375437 0.09058661
 0.08020674 0.07366075 0.07415381 0.07867318 0.08388739 0.08762023
 0.08831114 0.08582627 0.083048   0.08494968 0.09479382 0.11048147
 0.1232657  0.12248336 0.11067345 0.10051877 0.09740348 0.09939485
 0.10341457 0.10712386 0.10850252 0.10693067 0.10530756 0.10900041
 0.12148744 0.14090434 0.15847792 0.16109732 0.147908   0.13315452
 0.1253904  0.12421286 0.12686441 0.13075972 0.13325612 0.13298496
 0.13251579 0.1375317  0.15214359 0.1751763  0.19807084 0.20524224
 0.19124278 0.17133676 0.1581247  0.15324629 0.15433169 0.15845407
 0.16222586 0.1633715  0.16390481 0.16978053 0.18605264 0.21258538
 0.24129749 0.25435108 0.24064974 0.21542931 0.19607365 0.1868841
 0.18599627 0.19008912 0.19498733 0.19746424 0.19884876 0.20528264
 0.22290973 0.25288266 0.28787244 0.30821251 0.29635223 0.26597169
 0.23977406 0.22547484 0.22193236 0.22545569 0.23111413 0.23475866
 0.23695143 0.24386815 0.26272289 0.29610791 0.33772597 0.36666907
 0.35848029 0.32335145 0.2895676  0.26916423 0.26206471 0.26430294
 0.27026216 0.27492173 0.27800886 0.28552554 0.30560482 0.34234541
 0.39076153 0.42940592 0.42688645 0.3876821  0.34555771 0.31792907
 0.30625496 0.30643081 0.31221985 0.31776934 0.32190724 0.33023588
 0.35157987 0.39154661 0.44673024 0.49590171 0.50115088 0.45887469
 0.40773765 0.37172668 0.35442986 0.35176086 0.35690634 0.36320149
 0.36852218 0.37786687]","[0.09817233 0.09797296 0.09829631 0.10149987 0.11101299 0.12713995
 0.14781463 0.17167385 0.19793714 0.22572833 0.25354773 0.27875459
 0.29722154 0.30398694 0.29585954 0.27439621 0.24563587 0.21745774
 0.19833999 0.19800307 0.22331684 0.27001337 0.32938619 0.39517603
 0.4623618  0.52484635 0.57395493 0.59903253 0.59206969 0.55390046
 0.49449949 0.42785765 0.3690596  0.33493469 0.34132572 0.39070282
 0.47060841 0.56734862 0.67020833 0.76853737 0.84882256 0.89474298
 0.89313145 0.84315134 0.75785023 0.65673261 0.56039034 0.49126394
 0.47306768 0.51697729 0.6110137  0.73494286 0.87164033 1.00542726
 1.11793209 1.18731162 1.1949634  1.13734935 1.02952195 0.89614116
 0.76328958 0.65853928 0.61239871 0.6452415  0.74844692 0.8964737
 1.0654616  1.23437565 1.38001313 1.47521727 1.49584285 1.43476103
 1.30783374 1.14429716 0.97572692 0.834712   0.75785466 0.77478367
 0.88253893 1.05164921 1.25134177 1.4549203  1.63436084 1.75742437
 1.7944629  1.73406636 1.59168688 1.40034022 1.19698265 1.01920994
 0.90922461 0.90575039 1.01347624 1.20055775 1.42923856 1.66684385
 1.88050033 2.03311404 2.08968475 2.03404144 1.88006875 1.6635855
 1.42665576 1.21188778 1.06671145 1.0386146  1.14167393 1.34345044
 1.59924141 1.87005405 2.11809245 2.30161354 2.38048903 2.33350512
 2.17194868 1.93334263 1.66440329 1.41272037 1.23065925 1.17399434
 1.26766429 1.48066505 1.76151504 2.06453848 2.34689582 2.56236834
 2.66596546 2.63131947 2.46625951 2.20885949 1.90984865 1.62168821
 1.40144236 1.31257576 1.3920525  1.61259422 1.91627451 2.25034275
 2.56674655 2.81492594 2.94530981 2.92640265 2.76190573 2.48930601
 2.16254253 1.83872511 1.57941075 1.45507256 1.51549745 1.73967063
 2.06377228 2.42755807 2.77754477 3.05892348 3.21782076 3.21774242
 3.0577817  2.77377588 2.42194543 2.06369058 1.76485844 1.6021988
 1.63870333 1.86235993 2.20429071 2.59631308 2.97924488 3.29407729
 3.48289557 3.50440737 3.35279328 3.06129895 2.68742251 2.29635404
 1.95800288 1.75464655 1.76241582 1.98115763 2.33813719 2.75676809
 3.17184803 3.52017405 3.74002482 3.78555449 3.64587921 3.35085973
 2.95824679 2.53638629 2.15897038 1.91306457 1.88741918 2.0965885
 2.46564068 2.90911075 3.35539611 3.73706295 3.98878605 4.06043307
 3.93602945 3.64141871]",89.96626342923186,89.99996505829314,0.0,0.0,0.1505226480753518,10.10559410342517,3.215639231875116,0.25,36.913271223094014,3000,-2.737011677901714,-1.5188206751317137,1.0,0.5760105157435773,0.9999999999999994,0.4465900667564263,28.78023207556601,0.0,0.0,0.0,0.0
spherical,1.0,10000.0,"[-4.   -3.98 -3.96 -3.94 -3.92 -3.9  -3.88 -3.86 -3.84 -3.82 -3.8  -3.78
 -3.76 -3.74 -3.72 -3.7  -3.68 -3.66 -3.64 -3.62 -3.6  -3.58 -3.56 -3.54
 -3.52 -3.5  -3.48 -3.46 -3.44 -3.42 -3.4  -3.38 -3.36 -3.34 -3.32 -3.3
 -3.28 -3.26 -3.24 -3.22 -3.2  -3.18 -3.16 -3.14 -3.12 -3.1  -3.08 -3.06
 -3.04 -3.02 -3.   -2.98 -2.96 -2.94 -2.92 -2.9  -2.88 -2.86 -2.84 -2.82
 -2.8  -2.78 -2.76 -2.74 -2.72 -2.7  -2.68 -2.66 -2.64 -2.62 -2.6  -2.58
 -2.56 -2.54 -2.52 -2.5  -2.48 -2.46 -2.44 -2.42 -2.4  -2.38 -2.36 -2.34
 -2.32 -2.3  -2.28 -2.26 -2.24 -2.22 -2.2  -2.18 -2.16 -2.14 -2.12 -2.1
 -2.08 -2.06 -2.04 -2.02 -2.   -1.98 -1.96 -1.94 -1.92 -1.9  -1.88 -1.86
 -1.84 -1.82 -1.8  -1.78 -1.76 -1.74 -1.72 -1.7  -1.68 -1.66 -1.64 -1.62
 -1.6  -1.58 -1.56 -1.54 -1.52 -1.5  -1.48 -1.46 -1.44 -1.42 -1.4  -1.38
 -1.36 -1.34 -1.32 -1.3  -1.28 -1.26 -1.24 -1.22 -1.2  -1.18 -1.16 -1.14
 -1.12 -1.1  -1.08 -1.06 -1.04 -1.02 -1.   -0.98 -0.96 -0.94 -0.92 -0.9
 -0.88 -0.86 -0.84 -0.82 -0.8  -0.78 -0.76 -0.74 -0.72 -0.7  -0.68 -0.66
 -0.64 -0.62 -0.6  -0.58 -0.56 -0.54 -0.52 -0.5  -0.48 -0.46 -0.44 -0.42
 -0.4  -0.38 -0.36 -0.34 -0.32 -0.3  -0.28 -0.26 -0.24 -0.22 -0.2  -0.18
 -0.16 -0.14 -0.12 -0.1  -0.08 -0.06 -0.04 -0.02]","[89.4871738  89.30173881 89.15303979 89.09682589 89.20376936 89.39820064
 89.58506634 89.74049285 89.86518516 89.96375118 89.95904674 89.89870845
 89.85087344 89.81126668 89.77625541 89.74426184 89.71746744 89.70404214
 89.72209162 89.79476525 89.90236666 89.9903116  89.95363279 89.91998587
 89.90064988 89.89074909 89.88725637 89.88820098 89.89260318 89.90081913
 89.91474915 89.93777399 89.97416784 89.97506107 89.92297479 89.8903558
 89.87915441 89.88066903 89.88873557 89.90031061 89.91394766 89.92907575
 89.94591197 89.96558101 89.99004325 89.97827233 89.93762529 89.89126061
 89.85452397 89.8442487  89.85574669 89.87604712 89.89823145 89.91999229
 89.94083575 89.961004   89.98128091 89.9970063  89.97215861 89.94248105
 89.90720476 89.86963419 89.84283062 89.84254336 89.86431899 89.89311311
 89.92095458 89.94582922 89.96783652 89.98769119 89.99358868 89.9747458
 89.95448015 89.93176454 89.90643705 89.88105839 89.86465486 89.86971524
 89.89408822 89.92389779 89.95108137 89.97391082 89.99286596 89.99110411
 89.97696114 89.96366999 89.95037588 89.93663418 89.92272304 89.91046603
 89.90493174 89.91360624 89.93583518 89.9612646  89.98316588 89.99966552
 89.98650087 89.97633986 89.96827233 89.96156675 89.95580216 89.95100262
 89.94774567 89.94730151 89.95169638 89.96317248 89.98074406 89.9984384
 89.98781239 89.97834859 89.97227113 89.96866894 89.96685891 89.9664414
 89.96737457 89.97001681 89.97510024 89.98350873 89.99536259 89.99123804
 89.97912406 89.97048571 89.96593547 89.9646391  89.96557254 89.9680135
 89.97156148 89.97613411 89.98198245 89.98965749 89.99990557 89.98667498
 89.9708781  89.95692253 89.94992545 89.94984008 89.95382462 89.95972051
 89.96641485 89.97343434 89.98067658 89.98832865 89.99683053 89.99320876
 89.9811477  89.96663002 89.950685   89.9380085  89.93524795 89.94183752
 89.95231173 89.96330636 89.97367435 89.9832159  89.99210511 89.99927281
 89.99039614 89.9807117  89.9697671  89.957434   89.94462589 89.93517762
 89.93572953 89.94635137 89.96039818 89.97374016 89.9852918  89.9951198
 89.99637995 89.98870981 89.98136354 89.97392639 89.9661776  89.95820401
 89.95070021 89.94602236 89.94918862 89.96108338 89.97552084 89.98833461
 89.99864427 89.99325041 89.98681355 89.98152569 89.97697337 89.9729253
 89.96939187 89.96664426 89.96518974 89.96593634 89.9712504  89.98209933
 89.99408396 89.99611016 89.98898009 89.98404724 89.98073391 89.9785844
 89.97732917 89.97692737]","[0. 0. 0. 0. 0. 0. 0. 0. 0. 0. 0. 0. 0. 0. 0. 0. 0. 0. 0. 0. 0. 0. 0. 0.
 0. 0. 0. 0. 0. 0. 0. 0. 0. 0. 0. 0. 0. 0. 0. 0. 0. 0. 0. 0. 0. 0. 0. 0.
 0. 0. 0. 0. 0. 0. 0. 0. 0. 0. 0. 0. 0. 0. 0. 0. 0. 0. 0. 0. 0. 0. 0. 0.
 0. 0. 0. 0. 0. 0. 0. 0. 0. 0. 0. 0. 0. 0. 0. 0. 0. 0. 0. 0. 0. 0. 0. 0.
 0. 0. 0. 0. 0. 0. 0. 0. 0. 0. 0. 0. 0. 0. 0. 0. 0. 0. 0. 0. 0. 0. 0. 0.
 0. 0. 0. 0. 0. 0. 0. 0. 0. 0. 0. 0. 0. 0. 0. 0. 0. 0. 0. 0. 0. 0. 0. 0.
 0. 0. 0. 0. 0. 0. 0. 0. 0. 0. 0. 0. 0. 0. 0. 0. 0. 0. 0. 0. 0. 0. 0. 0.
 0. 0. 0. 0. 0. 0. 0. 0. 0. 0. 0. 0. 0. 0. 0. 0. 0. 0. 0. 0. 0. 0. 0. 0.
 0. 0. 0. 0. 0. 0. 0. 0.]","[0.02522406 0.03291135 0.04717673 0.05857075 0.06251457 0.05951786
 0.0528241  0.04542662 0.04019747 0.03958466 0.04373105 0.05027225
 0.05641638 0.05997476 0.05942568 0.05399765 0.04440421 0.03589283
 0.03960364 0.05098475 0.05477664 0.04997534 0.04313506 0.03966334
 0.04169685 0.0473959  0.05357141 0.0578113  0.05868323 0.0556804
 0.04951066 0.04317432 0.04302817 0.05088614 0.05606494 0.05207328
 0.04450984 0.04060355 0.04295587 0.04911816 0.05559152 0.06001658
 0.06107498 0.05852807 0.05364021 0.04967498 0.051349   0.0590328
 0.06394362 0.05917382 0.05039993 0.04634931 0.04935983 0.05608544
 0.06285775 0.06741109 0.06843918 0.06590095 0.06180021 0.06012859
 0.06486725 0.07492374 0.08145747 0.0767321  0.06657593 0.0612725
 0.0633745  0.06946225 0.07592087 0.08045153 0.08155239 0.07917494
 0.07598425 0.07671518 0.08494276 0.09874227 0.1088694  0.10565954
 0.09385493 0.08556389 0.08480043 0.0888845  0.09440141 0.0989052
 0.10049337 0.09881119 0.09684193 0.09987539 0.11145253 0.12950367
 0.14449437 0.14407138 0.13037708 0.11760755 0.11247146 0.11356395
 0.11776679 0.12240628 0.12499359 0.12455514 0.1239779  0.12895283
 0.14343764 0.16580508 0.18648171 0.19010406 0.17470847 0.15642917
 0.14578811 0.14316763 0.14581031 0.15071437 0.15464145 0.15576035
 0.15654107 0.16299559 0.17988664 0.20649076 0.23351099 0.24261927
 0.22631249 0.20194632 0.18487033 0.17785974 0.17859682 0.18365696
 0.18895025 0.19166942 0.19367351 0.20122302 0.22012266 0.25089178
 0.28485538 0.30106457 0.28522346 0.25459402 0.23022035 0.21801268
 0.21624463 0.2210326  0.22741694 0.23160039 0.23472215 0.24317424
 0.26386716 0.29877971 0.34020788 0.36516975 0.35164232 0.31490883
 0.28235413 0.26393226 0.25877822 0.26259415 0.26959786 0.27504346
 0.27927872 0.28865458 0.31109974 0.35015498 0.39942015 0.43465409
 0.42561913 0.38324566 0.34159024 0.31574593 0.30611735 0.30810289
 0.31516965 0.32167414 0.32711092 0.33758122 0.36184084 0.40500517
 0.46227941 0.50905027 0.50690832 0.45969948 0.40804571 0.37345976
 0.35816327 0.35739972 0.36394829 0.3713039  0.37805092 0.3898302
 0.41598571 0.46315922 0.52841706 0.58769047 0.59499747 0.54419117
 0.48176565 0.437094   0.41490076 0.41044628 0.41586445 0.42380771
 0.43190714 0.44516266]","[0.10555475 0.10543262 0.10611841 0.1102426  0.12125625 0.1392026
 0.16195043 0.18812796 0.21692135 0.24738115 0.27786172 0.30545588
 0.32561474 0.3328679  0.32369712 0.29982606 0.26794842 0.23684685
 0.21600231 0.21608905 0.24426289 0.29562279 0.36073374 0.4328134
 0.50637799 0.57474613 0.62841392 0.65572192 0.64791906 0.60593197
 0.54069874 0.46758248 0.40318215 0.36600866 0.37332053 0.42759889
 0.51517273 0.62109719 0.73365633 0.84119144 0.92892344 0.97903744
 0.97718618 0.92245411 0.82906769 0.71835759 0.61289739 0.53730248
 0.51753159 0.56571967 0.66869051 0.80429764 0.95379708 1.10002521
 1.22290395 1.29863505 1.30700893 1.24416073 1.12640169 0.98059614
 0.8352743  0.72063781 0.67011303 0.70603465 0.81893598 0.98080945
 1.1655128  1.35001248 1.50895832 1.61281197 1.63542979 1.5690699
 1.43080025 1.2523212  1.06808854 0.91376292 0.82945225 0.8477596
 0.9655079  1.15032463 1.36845541 1.59065544 1.78630988 1.92040539
 1.96095341 1.895642   1.74096803 1.53252899 1.31052331 1.11604222
 0.99532002 0.99105507 1.10861031 1.31294711 1.5625893  1.82172457
 2.05443933 2.22050252 2.28228513 2.2224505  2.05569327 1.82038552
 1.56209004 1.32729709 1.16793986 1.13644094 1.24869408 1.46895514
 1.74802147 2.0431288  2.31298184 2.51236286 2.5982794  2.54813137
 2.37374449 2.11503486 1.82234367 1.54746572 1.34768373 1.28459649
 1.38633545 1.61871841 1.92494042 2.25486613 2.56168467 2.79538555
 2.90792697 2.87138664 2.69385797 2.41554369 2.09078312 1.77647486
 1.53494694 1.43627582 1.52218871 1.76266375 2.09358896 2.4569994
 2.8003834  3.06908882 3.21034837 3.19099845 3.01475265 2.72089106
 2.36681179 2.01418185 1.73008575 1.59226289 1.65696685 1.90125894
 2.25424953 2.64964156 3.02898547 3.33309368 3.5047872  3.50584256
 3.33515408 3.02997878 2.64972483 2.26034558 1.93338071 1.75334023
 1.79143339 2.03500435 2.40723471 2.83294543 3.24745796 3.58711055
 3.79060292 3.81489885 3.65382036 3.34165215 2.93871133 2.51461233
 2.14501228 1.92026093 1.92639843 2.16442865 2.55288072 3.00709653
 3.45581867 3.83092859 4.06726325 4.11725775 3.96956575 3.65472495
 3.23286517 2.77651066 2.36504337 2.09372052 2.06271554 2.2900874
 2.69154301 3.17230822 3.65412973 4.06440689 4.3343361  4.41212207
 4.28127919 3.9680044 ]",89.9211549479108,89.99990557253152,0.0,0.0,0.1776279517357819,9.402268108234674,6.876658106646707,0.25,84.89657692496209,3000,-2.585357937406948,-0.7488763037454645,1.0,0.5760105157435773,0.9999999999999994,0.4465900667564263,28.78023207556601,0.0,0.0,0.0,0.0
spherical,1.0,20000.0,"[-4.   -3.98 -3.96 -3.94 -3.92 -3.9  -3.88 -3.86 -3.84 -3.82 -3.8  -3.78
 -3.76 -3.74 -3.72 -3.7  -3.68 -3.66 -3.64 -3.62 -3.6  -3.58 -3.56 -3.54
 -3.52 -3.5  -3.48 -3.46 -3.44 -3.42 -3.4  -3.38 -3.36 -3.34 -3.32 -3.3
 -3.28 -3.26 -3.24 -3.22 -3.2  -3.18 -3.16 -3.14 -3.12 -3.1  -3.08 -3.06
 -3.04 -3.02 -3.   -2.98 -2.96 -2.94 -2.92 -2.9  -2.88 -2.86 -2.84 -2.82
 -2.8  -2.78 -2.76 -2.74 -2.72 -2.7  -2.68 -2.66 -2.64 -2.62 -2.6  -2.58
 -2.56 -2.54 -2.52 -2.5  -2.48 -2.46 -2.44 -2.42 -2.4  -2.38 -2.36 -2.34
 -2.32 -2.3  -2.28 -2.26 -2.24 -2.22 -2.2  -2.18 -2.16 -2.14 -2.12 -2.1
 -2.08 -2.06 -2.04 -2.02 -2.   -1.98 -1.96 -1.94 -1.92 -1.9  -1.88 -1.86
 -1.84 -1.82 -1.8  -1.78 -1.76 -1.74 -1.72 -1.7  -1.68 -1.66 -1.64 -1.62
 -1.6  -1.58 -1.56 -1.54 -1.52 -1.5  -1.48 -1.46 -1.44 -1.42 -1.4  -1.38
 -1.36 -1.34 -1.32 -1.3  -1.28 -1.26 -1.24 -1.22 -1.2  -1.18 -1.16 -1.14
 -1.12 -1.1  -1.08 -1.06 -1.04 -1.02 -1.   -0.98 -0.96 -0.94 -0.92 -0.9
 -0.88 -0.86 -0.84 -0.82 -0.8  -0.78 -0.76 -0.74 -0.72 -0.7  -0.68 -0.66
 -0.64 -0.62 -0.6  -0.58 -0.56 -0.54 -0.52 -0.5  -0.48 -0.46 -0.44 -0.42
 -0.4  -0.38 -0.36 -0.34 -0.32 -0.3  -0.28 -0.26 -0.24 -0.22 -0.2  -0.18
 -0.16 -0.14 -0.12 -0.1  -0.08 -0.06 -0.04 -0.02]","[89.89383552 89.99174858 89.86569225 89.74238849 89.67122791 89.66471885
 89.69200062 89.73263006 89.777737   89.82326435 89.86727951 89.90904126
 89.94871329 89.98740527 89.97276027 89.92910291 89.87970555 89.82581187
 89.77694879 89.75846565 89.78731482 89.83617548 89.88151687 89.91902011
 89.9498339  89.97555754 89.99755989 89.98286324 89.96431108 89.94536081
 89.92495348 89.90308129 89.88258822 89.87272428 89.88547478 89.91520831
 89.94569263 89.97053177 89.98975588 89.9953744  89.983702   89.97426481
 89.96621152 89.95884911 89.95185461 89.94552779 89.94125066 89.94236525
 89.95318705 89.97181006 89.99009839 89.99600859 89.98637946 89.97997019
 89.97589748 89.97351967 89.97236541 89.97216394 89.97298403 89.97532156
 89.98008208 89.98830182 89.99987581 89.98815022 89.97941045 89.97468248
 89.97296209 89.97323336 89.97485866 89.97747092 89.98086933 89.98504253
 89.99026465 89.99709653 89.99380547 89.98234152 89.97057979 89.96297106
 89.96136336 89.96377066 89.96807025 89.97317153 89.97864398 89.98434324
 89.99026045 89.99654288 89.99644328 89.98816363 89.97814977 89.96664567
 89.95615108 89.95171066 89.95491017 89.96212973 89.97028874 89.97820979
 89.98563248 89.99258403 89.99918895 89.9943146  89.98754316 89.98004815
 89.97153174 89.96232794 89.95454947 89.95269905 89.95856948 89.96816126
 89.97790404 89.98661027 89.99416331 89.99928377 89.99351842 89.98826075
 89.98316046 89.97788847 89.97230664 89.96674839 89.96264159 89.96312562
 89.96990295 89.97959226 89.98878575 89.99644171 89.99742197 89.99256496
 89.9887253  89.98562058 89.98296684 89.98056591 89.9784206  89.97684489
 89.97661691 89.97923543 89.98566979 89.99363548 89.99943785 89.99423677
 89.99060105 89.98823669 89.98686964 89.98624864 89.98617575 89.98657679
 89.98756445 89.98943476 89.99250923 89.9968868  89.99773055 89.99264231
 89.98906443 89.9871117  89.98646629 89.98681358 89.98790516 89.98955001
 89.99164449 89.99421784 89.99745207 89.99837846 89.99319377 89.98774043
 89.98367808 89.98186675 89.98196646 89.98335838 89.98556194 89.98827795
 89.9913198  89.99457867 89.99804339 89.99818196 89.99388967 89.98884169
 89.98304256 89.97748392 89.97475779 89.97592679 89.97929038 89.98345691
 89.98780765 89.99209825 89.99623278 89.99980415 89.99594244 89.9920349
 89.98788683 89.98331596 89.97833544 89.97375063 89.97231873 89.97566305
 89.98127411 89.98712637 89.99253149 89.99733832 89.99844342 89.99473828
 89.99141471 89.98831298]","[0. 0. 0. 0. 0. 0. 0. 0. 0. 0. 0. 0. 0. 0. 0. 0. 0. 0. 0. 0. 0. 0. 0. 0.
 0. 0. 0. 0. 0. 0. 0. 0. 0. 0. 0. 0. 0. 0. 0. 0. 0. 0. 0. 0. 0. 0. 0. 0.
 0. 0. 0. 0. 0. 0. 0. 0. 0. 0. 0. 0. 0. 0. 0. 0. 0. 0. 0. 0. 0. 0. 0. 0.
 0. 0. 0. 0. 0. 0. 0. 0. 0. 0. 0. 0. 0. 0. 0. 0. 0. 0. 0. 0. 0. 0. 0. 0.
 0. 0. 0. 0. 0. 0. 0. 0. 0. 0. 0. 0. 0. 0. 0. 0. 0. 0. 0. 0. 0. 0. 0. 0.
 0. 0. 0. 0. 0. 0. 0. 0. 0. 0. 0. 0. 0. 0. 0. 0. 0. 0. 0. 0. 0. 0. 0. 0.
 0. 0. 0. 0. 0. 0. 0. 0. 0. 0. 0. 0. 0. 0. 0. 0. 0. 0. 0. 0. 0. 0. 0. 0.
 0. 0. 0. 0. 0. 0. 0. 0. 0. 0. 0. 0. 0. 0. 0. 0. 0. 0. 0. 0. 0. 0. 0. 0.
 0. 0. 0. 0. 0. 0. 0. 0.]","[0.03178618 0.04180991 0.06003518 0.07424431 0.07893292 0.07513713
 0.06687495 0.05775179 0.0512209  0.05023933 0.05508141 0.06298073
 0.07053165 0.07500944 0.07449583 0.06799879 0.05640568 0.04629668
 0.05122281 0.06526023 0.06967209 0.06347631 0.05479848 0.05025972
 0.0525487  0.05951718 0.06725581 0.07274397 0.07415198 0.07084341
 0.06382625 0.05704809 0.05809525 0.06824317 0.07420129 0.06849518
 0.05847068 0.05307304 0.05556416 0.06310728 0.07141493 0.07747745
 0.07952612 0.07726688 0.072581   0.06988531 0.07456166 0.08580905
 0.09206149 0.08499777 0.07254692 0.06582929 0.06810855 0.07585502
 0.08460559 0.09128906 0.09395196 0.09247093 0.08972428 0.09101197
 0.10073671 0.11653481 0.12624335 0.11926993 0.10373013 0.09358975
 0.09318165 0.09932532 0.1076434  0.1147857  0.11829143 0.11786284
 0.11707902 0.12208339 0.13707005 0.1591323  0.17513819 0.17041197
 0.15125193 0.13532768 0.12978091 0.13259905 0.13963485 0.14712469
 0.1518643  0.15301037 0.15434355 0.16268998 0.18269447 0.21175321
 0.23601067 0.23564419 0.21269981 0.18903097 0.17635669 0.17449544
 0.17958854 0.1873481  0.19365783 0.1968343  0.20040471 0.21170402
 0.23632095 0.27263879 0.30659397 0.31287766 0.28669637 0.25382659
 0.23231215 0.22455636 0.227036   0.23481886 0.24275979 0.24816204
 0.25399166 0.26792314 0.29677245 0.34043987 0.38529698 0.4008224
 0.37280936 0.32979348 0.29785406 0.28291008 0.28188126 0.28910754
 0.29836858 0.30590191 0.31394551 0.33034065 0.3632025  0.41429653
 0.47110024 0.49868057 0.47109652 0.41747658 0.37354604 0.34989887
 0.34412803 0.34984373 0.35977753 0.36913261 0.37934171 0.39822688
 0.43509655 0.49373513 0.56334345 0.60581114 0.58168156 0.51746216
 0.45993051 0.42579607 0.41371956 0.41666959 0.42640389 0.43715565
 0.44951304 0.47107933 0.51212781 0.57844779 0.66147137 0.72144846
 0.70444393 0.63011526 0.55733847 0.51070705 0.4905245  0.48927434
 0.49782393 0.50949229 0.5239895  0.54849888 0.59397059 0.66807107
 0.76483638 0.84455281 0.83887892 0.75551666 0.66589877 0.60463102
 0.57441671 0.56745173 0.57377845 0.58582938 0.60239952 0.63007047
 0.68017611 0.76207159 0.87263192 0.97382131 0.98411193 0.89354358
 0.78566229 0.7075885  0.66536736 0.65113223 0.65414249 0.66594644
 0.68439047 0.71531099]","[0.13333964 0.13330441 0.13463537 0.14082145 0.1559514  0.1796589
 0.20930057 0.24325218 0.28051689 0.31987393 0.35917688 0.39463304
 0.42032961 0.42919746 0.41674621 0.38529489 0.34361306 0.30323166
 0.27663493 0.27766231 0.31501642 0.38189199 0.46617766 0.55922373
 0.65396691 0.74175977 0.81034616 0.84480979 0.8340837  0.77948415
 0.69510163 0.60075463 0.51795776 0.47075985 0.48133382 0.55229802
 0.66570322 0.80232035 0.94707091 1.08489286 1.19677904 1.26008702
 1.25685264 1.18609734 1.06590289 0.92352771 0.78805974 0.69139367
 0.66717196 0.73065619 0.8641639  1.03897019 1.23093357 1.41789477
 1.57407872 1.66944155 1.67898958 1.59816095 1.44735648 1.26050551
 1.07416022 0.92737451 0.86362748 0.91172709 1.05845361 1.26708852
 1.50389018 1.73913605 1.94033978 2.07047294 2.0976444  2.01272933
 1.83668404 1.60894301 1.37329827 1.17574472 1.0685543  1.09437717
 1.24796264 1.48624369 1.76547626 2.04794233 2.29448709 2.46153557
 2.51062164 2.42742812 2.23181327 1.96724888 1.68425604 1.43561573
 1.28161652 1.27870291 1.43284235 1.69651785 2.0156239  2.34399335
 2.63580796 2.84136594 2.91606242 2.84007709 2.63075512 2.33397635
 2.00616667 1.70665009 1.50306808 1.46527675 1.6135431  1.89819879
 2.25444106 2.62715262 2.96381299 3.20897326 3.31237771 3.24865004
 3.03151001 2.70759875 2.33814683 1.98860873 1.73334624 1.65489331
 1.79065938 2.09167081 2.48213025 2.89740029 3.27817468 3.56358621
 3.69822294 3.65129016 3.43208529 3.08646761 2.6791745  2.28117459
 1.97289456 1.84846295 1.96487184 2.27736827 2.69895116 3.15479921
 3.57869127 3.90461614 4.07247744 4.04632766 3.8305381  3.46883266
 3.02805394 2.58387164 2.22206522 2.04695295 2.13692691 2.45575325
 2.90520041 3.39947449 3.86526177 4.23162786 4.43422336 4.43228939
 4.2250186  3.85288539 3.38342388 2.89602971 2.48105568 2.2513419
 2.30763363 2.62730467 3.10119939 3.63160028 4.13786808 4.54431622
 4.78272486 4.80790061 4.61380563 4.23680873 3.74378921 3.21677909
 2.74986645 2.46257333 2.47786941 2.79251428 3.28728713 3.85139147
 4.39656241 4.84248778 5.11740872 5.17208018 4.9953321  4.61882324
 4.10756248 3.54506583 3.02827691 2.68150461 2.6485903  2.95188779
 3.46381643 4.05909844 4.64145821 5.12604592 5.43784579 5.52393008
 5.36819908 4.99722512]",89.96155216236919,89.9998758102908,0.0,0.0,0.28739425568115,7.446553387828236,3.4446644148979013,0.25,37.92591149589178,3000,-2.300614386950629,1.8477520704610244,1.0,0.5760105157435773,0.9999999999999994,0.4465900667564263,28.78023207556601,0.0,0.0,0.0,0.0
oblate,0.8,8000.0,"[-4.   -3.98 -3.96 -3.94 -3.92 -3.9  -3.88 -3.86 -3.84 -3.82 -3.8  -3.78
 -3.76 -3.74 -3.72 -3.7  -3.68 -3.66 -3.64 -3.62 -3.6  -3.58 -3.56 -3.54
 -3.52 -3.5  -3.48 -3.46 -3.44 -3.42 -3.4  -3.38 -3.36 -3.34 -3.32 -3.3
 -3.28 -3.26 -3.24 -3.22 -3.2  -3.18 -3.16 -3.14 -3.12 -3.1  -3.08 -3.06
 -3.04 -3.02 -3.   -2.98 -2.96 -2.94 -2.92 -2.9  -2.88 -2.86 -2.84 -2.82
 -2.8  -2.78 -2.76 -2.74 -2.72 -2.7  -2.68 -2.66 -2.64 -2.62 -2.6  -2.58
 -2.56 -2.54 -2.52 -2.5  -2.48 -2.46 -2.44 -2.42 -2.4  -2.38 -2.36 -2.34
 -2.32 -2.3  -2.28 -2.26 -2.24 -2.22 -2.2  -2.18 -2.16 -2.14 -2.12 -2.1
 -2.08 -2.06 -2.04 -2.02 -2.   -1.98 -1.96 -1.94 -1.92 -1.9  -1.88 -1.86
 -1.84 -1.82 -1.8  -1.78 -1.76 -1.74 -1.72 -1.7  -1.68 -1.66 -1.64 -1.62
 -1.6  -1.58 -1.56 -1.54 -1.52 -1.5  -1.48 -1.46 -1.44 -1.42 -1.4  -1.38
 -1.36 -1.34 -1.32 -1.3  -1.28 -1.26 -1.24 -1.22 -1.2  -1.18 -1.16 -1.14
 -1.12 -1.1  -1.08 -1.06 -1.04 -1.02 -1.   -0.98 -0.96 -0.94 -0.92 -0.9
 -0.88 -0.86 -0.84 -0.82 -0.8  -0.78 -0.76 -0.74 -0.72 -0.7  -0.68 -0.66
 -0.64 -0.62 -0.6  -0.58 -0.56 -0.54 -0.52 -0.5  -0.48 -0.46 -0.44 -0.42
 -0.4  -0.38 -0.36 -0.34 -0.32 -0.3  -0.28 -0.26 -0.24 -0.22 -0.2  -0.18
 -0.16 -0.14 -0.12 -0.1  -0.08 -0.06 -0.04 -0.02]","[89.99812455 89.84823432 89.58883006 89.88892672 88.49381217 87.39310417
 87.01962074 87.16074532 87.55105218 87.9959722  88.37954039 88.65780952
 88.84492868 88.98791992 89.13159226 89.28592041 89.43323262 89.5886503
 89.83361432 89.67291325 89.00192511 88.79672128 89.0420714  89.30414609
 89.41544474 89.38592095 89.2826573  89.15800772 88.99962357 88.78985924
 88.51075385 88.04267023 87.26126708 86.3221277  85.81024668 86.03137012
 86.65429983 87.37063739 88.05469584 88.65266983 89.13700861 89.50759352
 89.80823676 89.87353071 89.44653079 88.8658534  88.14926033 87.37907611
 86.73402252 86.49201887 86.79319215 87.40828156 88.01799701 88.46154374
 88.72133416 88.86039783 88.96103464 89.05567842 89.13386204 89.19472208
 89.17814437 88.95779741 88.48066847 88.02802518 87.96874321 88.2403958
 88.66802591 89.14270563 89.59575103 89.98765696 89.69279713 89.42254378
 89.12062606 88.67038555 87.99905658 87.15351085 86.33925048 85.86695947
 85.93823114 86.46321851 87.18320295 87.8789586  88.43263485 88.81600343
 89.07446962 89.29830986 89.56826178 89.91535981 89.66756829 89.22056326
 88.83680426 88.68627043 88.92476197 89.36789653 89.67247021 89.73916991
 89.62860159 89.43754872 89.24849644 89.1012386  88.9874871  88.83605896
 88.52058516 87.93136934 87.09959748 86.35437169 86.15081233 86.52514564
 87.18980106 87.91276973 88.56862183 89.09064743 89.46024468 89.72182799
 89.97711129 89.66643283 89.15428408 88.49955471 87.7700478  87.10338615
 86.75308823 86.96993714 87.60945606 88.25797289 88.68922938 88.88422869
 88.92077648 88.91225282 88.95571332 89.07610393 89.21203976 89.24479814
 89.04203872 88.52510955 87.90407735 87.70641081 87.99897059 88.51596052
 89.08413974 89.60537403 89.98944967 89.72732136 89.55702417 89.35400473
 88.98804797 88.39676315 87.62202289 86.82155532 86.25747866 86.18573207
 86.6317521  87.3505668  88.05998282 88.59478163 88.91030267 89.05564138
 89.1479999  89.32004549 89.63917466 89.92576911 89.46657332 89.10416855
 89.02317402 89.40446668 89.91494629 89.8857589  89.98249586 89.74424765
 89.41377821 89.15168719 89.04182239 89.0472045  89.01803424 88.78990002
 88.26088613 87.46055394 86.67513794 86.37454884 86.68820688 87.34584185
 88.07894436 88.72824902 89.20589644 89.48685001 89.62582456 89.74949448
 89.99491243 89.56539169 88.94620266 88.22513308 87.54031729 87.16058779
 87.42456597 88.13783323 88.73951403 89.03039626 89.04295329 88.88825449
 88.73484431 88.74449102]","[ 0.          2.99418194  6.24906747  9.30400345 11.812992   13.58970413
 14.59091211 14.89130045 14.69027567 14.36162267 14.48486563 15.65584541
 18.01493162 21.0378251  23.87723805 25.84268544 26.72272282 26.81536712
 26.71135435 27.03826547 28.27371425 30.61162273 33.9136889  37.7798186
 41.67260969 45.02350327 47.32888643 48.33053706 48.3175816  48.19187957
 48.93086124 50.92538744 53.90961323 57.32004459 60.60840536 63.36912013
 65.34761208 66.41577945 66.57030485 65.9778804  65.04495144 64.40690562
 64.68607238 66.06977143 68.12302735 70.09735524 71.39091403 71.74985276
 71.20976043 69.96881683 68.30795515 66.56579194 65.12607193 64.36456892
 64.5199141  65.50993065 66.80507704 67.57451997 67.20243583 65.70401028
 63.58768992 61.46387039 59.82050501 58.94387173 58.89042198 59.5054053
 60.47810991 61.39546764 61.78806776 61.24124941 59.63936158 57.38323463
 55.25229893 53.92054049 53.58164155 53.97371988 54.63908365 55.13986933
 55.14089274 54.41575465 52.84356592 50.43327661 47.38620362 44.16865629
 41.48509455 39.96910569 39.64513517 39.78986804 39.50140873 38.24426769
 35.89857129 32.58950007 28.57565567 24.21743028 19.97294175 16.38522463
 13.9878527  12.97191238 12.79865674 12.45727806 11.16149945  8.72395718
  5.48646018  2.1984967   2.37150449  5.08582084  7.3082977   8.74693804
  9.35710979  9.24216827  8.77477096  8.76758859 10.1029126  12.69531285
 15.64801251 18.14028589 19.75571064 20.46615222 20.51476433 20.30654478
 20.33919464 21.11518007 22.96617026 25.87315716 29.44873282 33.06465587
 36.0178709  37.76340723 38.26973385 38.2015033  38.54632788 39.98545556
 42.62220736 46.12506528 49.98408586 53.69747919 56.85508    59.15563998
 60.41616024 60.63669413 60.14057213 59.64182504 59.96274436 61.47489486
 63.86202279 66.44781089 68.6271935  70.04857111 70.59590121 70.31719003
 69.37476695 68.03140169 66.65525612 65.69953479 65.58811642 66.47384668
 68.00033838 69.37329875 69.84989994 69.18948714 67.6352011  65.63173507
 63.63584985 62.04884182 61.16663705 61.11522241 61.80150189 62.90282921
 63.88987809 64.13467807 63.22838661 61.34470578 59.18291581 57.48772749
 56.66209686 56.70282976 57.3364013  58.1878141  58.88656847 59.10651158
 58.58472222 57.16690422 54.90434647 52.17030578 49.65849734 48.08016932
 47.65732787 47.94702089 48.22170134 47.90861994 46.71946635 44.58289079
 41.56954577 37.87257252 33.82847143 29.94003446 26.83643429 25.0447852
 24.51995089 24.41418736]","[0.02340357 0.0305818  0.04403314 0.05483003 0.05848135 0.05514127
 0.04757256 0.03863591 0.03180037 0.03101242 0.03661087 0.0447415
 0.05188648 0.0559089  0.05570125 0.05116605 0.04352242 0.03619359
 0.03529986 0.04193162 0.04600731 0.04196286 0.03685607 0.03736844
 0.04285391 0.0496203  0.05506079 0.05773633 0.05691961 0.0525345
 0.04526414 0.03714149 0.03409386 0.0419881  0.0523322  0.05558876
 0.05283285 0.04872781 0.04674458 0.04840205 0.05290642 0.05792301
 0.06096056 0.06031175 0.05573708 0.04927897 0.04581216 0.04966259
 0.05725553 0.05937683 0.05171622 0.04330045 0.04650386 0.05759538
 0.06810286 0.07440851 0.07530434 0.07041705 0.06099591 0.05195929
 0.05093657 0.06119133 0.07565859 0.08261658 0.08078604 0.07968545
 0.08176359 0.08457418 0.08647186 0.08715221 0.08659164 0.08511723
 0.08426345 0.08601033 0.09150566 0.10043406 0.11037777 0.11683211
 0.11605078 0.10911534 0.10157951 0.09874668 0.10180355 0.10815502
 0.11416132 0.11665084 0.11374171 0.10704029 0.10284842 0.1078245
 0.12251774 0.13863633 0.14136183 0.13016266 0.12245312 0.12303356
 0.12715597 0.13137945 0.13405915 0.13331764 0.12965631 0.12913598
 0.13832212 0.1577639  0.1809722  0.19676826 0.19805858 0.19011845
 0.18137565 0.1755432  0.17354742 0.17550217 0.1804931  0.18631121
 0.19049264 0.19216565 0.19332217 0.19808933 0.20970412 0.22681419
 0.24060878 0.23805464 0.21967145 0.20161008 0.19319048 0.19329592
 0.19769065 0.20142991 0.19985554 0.1939669  0.19322083 0.20787479
 0.24039526 0.28094826 0.30257268 0.28889509 0.2643554  0.24863031
 0.24365059 0.24679975 0.25477765 0.26368884 0.27136522 0.27915428
 0.29016889 0.30637689 0.32719003 0.3490711  0.36525188 0.36791363
 0.35509453 0.33426353 0.31572602 0.30557586 0.30435002 0.30819858
 0.31081347 0.30748152 0.30059252 0.30055973 0.31876304 0.35942603
 0.41138538 0.43370656 0.3994189  0.35185454 0.32235833 0.31254163
 0.31675118 0.32775339 0.33836395 0.34714015 0.36056958 0.3871068
 0.42919981 0.47809435 0.51265612 0.51440179 0.49091432 0.4630973
 0.44312528 0.43403761 0.43465787 0.44155058 0.44990109 0.45535896
 0.45679058 0.45826014 0.46811711 0.49457193 0.53896234 0.58513909
 0.59307816 0.54659148 0.48616503 0.44387389 0.42453726 0.42148727
 0.42489475 0.42728858]","[0.09733278 0.09742951 0.09878735 0.10370269 0.11509813 0.1327666
 0.15452378 0.17877728 0.20443433 0.2305743  0.25639585 0.28116055
 0.30386968 0.32254442 0.33338849 0.33114147 0.31251859 0.28069083
 0.24515575 0.21926045 0.21829812 0.24920324 0.30469358 0.37569331
 0.45598309 0.53947704 0.61628098 0.66915139 0.67773196 0.63717995
 0.56510573 0.48479537 0.41605342 0.37673926 0.38110245 0.42998498
 0.50976259 0.60458735 0.70172532 0.79052994 0.86196856 0.90960814
 0.93028292 0.92332527 0.88955155 0.83176757 0.75664366 0.67626897
 0.60859799 0.57580814 0.59561807 0.66952103 0.78574397 0.92951222
 1.08531615 1.2320793  1.33643495 1.35711497 1.27629412 1.12160498
 0.93898746 0.769024   0.65151101 0.62821093 0.71137405 0.86970975
 1.06535078 1.2677329  1.44610226 1.56680205 1.60543609 1.56325954
 1.46411482 1.3372623  1.20723157 1.09336454 1.01221437 0.97794594
 0.99891991 1.07383113 1.19330314 1.34485957 1.51509875 1.68782073
 1.83973553 1.93710082 1.94180439 1.83421713 1.63335663 1.38584476
 1.14440853 0.96647452 0.91623881 1.02204705 1.24619502 1.53490626
 1.84298689 2.12091281 2.3042799  2.33538247 2.21040169 1.98283794
 1.71913001 1.47356412 1.29186357 1.21470818 1.26052169 1.40812138
 1.61505253 1.84172459 2.05754615 2.24002236 2.373357   2.44624125
 2.44940811 2.37598602 2.22649593 2.01525469 1.77256831 1.54298824
 1.3839609  1.35509326 1.4808721  1.73315298 2.06359087 2.42284255
 2.75186724 2.97161342 3.00359243 2.82627243 2.49686264 2.10472868
 1.7309014  1.45284035 1.35649943 1.48288581 1.77376119 2.14322425
 2.52091241 2.84387342 3.05640585 3.12735181 3.0633096  2.89926416
 2.67778834 2.43614673 2.20503094 2.01293593 1.88982592 1.86393506
 1.94964582 2.13896196 2.40760761 2.72399781 3.04970091 3.33361159
 3.50968925 3.51310634 3.31684165 2.95547078 2.50693132 2.06103732
 1.71732    1.59826485 1.77099805 2.15796507 2.64936535 3.15655495
 3.58961097 3.85324788 3.88337271 3.68836209 3.34063122 2.93135874
 2.54111385 2.2394569  2.0888366  2.12290607 2.31613721 2.60581953
 2.93264178 3.25284897 3.53530657 3.7559465  3.89239926 3.92154686
 3.82367048 3.59341527 3.25073806 2.84350032 2.44377057 2.14875582
 2.07289444 2.26985749 2.6781588  3.20193057 3.75114534 4.22676619
 4.51737423 4.53571917]",88.55011630860288,89.99812454613033,71.74985276413693,20.35401060944895,0.1857269520304881,8.696628416260907,101.1410974146159,3.5,652.5761645572541,3000,0.436621840054501,-0.2414453603144463,0.8,0.7015632327760054,1.2347593977918647,0.5207465905284885,29.890140117221865,0.1255527170324281,0.23475939779186528,0.07415652377206217,1.1099080416558564
oblate,0.8,10000.0,"[-4.   -3.98 -3.96 -3.94 -3.92 -3.9  -3.88 -3.86 -3.84 -3.82 -3.8  -3.78
 -3.76 -3.74 -3.72 -3.7  -3.68 -3.66 -3.64 -3.62 -3.6  -3.58 -3.56 -3.54
 -3.52 -3.5  -3.48 -3.46 -3.44 -3.42 -3.4  -3.38 -3.36 -3.34 -3.32 -3.3
 -3.28 -3.26 -3.24 -3.22 -3.2  -3.18 -3.16 -3.14 -3.12 -3.1  -3.08 -3.06
 -3.04 -3.02 -3.   -2.98 -2.96 -2.94 -2.92 -2.9  -2.88 -2.86 -2.84 -2.82
 -2.8  -2.78 -2.76 -2.74 -2.72 -2.7  -2.68 -2.66 -2.64 -2.62 -2.6  -2.58
 -2.56 -2.54 -2.52 -2.5  -2.48 -2.46 -2.44 -2.42 -2.4  -2.38 -2.36 -2.34
 -2.32 -2.3  -2.28 -2.26 -2.24 -2.22 -2.2  -2.18 -2.16 -2.14 -2.12 -2.1
 -2.08 -2.06 -2.04 -2.02 -2.   -1.98 -1.96 -1.94 -1.92 -1.9  -1.88 -1.86
 -1.84 -1.82 -1.8  -1.78 -1.76 -1.74 -1.72 -1.7  -1.68 -1.66 -1.64 -1.62
 -1.6  -1.58 -1.56 -1.54 -1.52 -1.5  -1.48 -1.46 -1.44 -1.42 -1.4  -1.38
 -1.36 -1.34 -1.32 -1.3  -1.28 -1.26 -1.24 -1.22 -1.2  -1.18 -1.16 -1.14
 -1.12 -1.1  -1.08 -1.06 -1.04 -1.02 -1.   -0.98 -0.96 -0.94 -0.92 -0.9
 -0.88 -0.86 -0.84 -0.82 -0.8  -0.78 -0.76 -0.74 -0.72 -0.7  -0.68 -0.66
 -0.64 -0.62 -0.6  -0.58 -0.56 -0.54 -0.52 -0.5  -0.48 -0.46 -0.44 -0.42
 -0.4  -0.38 -0.36 -0.34 -0.32 -0.3  -0.28 -0.26 -0.24 -0.22 -0.2  -0.18
 -0.16 -0.14 -0.12 -0.1  -0.08 -0.06 -0.04 -0.02]","[89.93980694 89.6763255  89.28344138 89.59251167 89.20767337 88.120826
 87.64278604 87.6426031  87.88987618 88.20339666 88.47246036 88.65520064
 88.76627021 88.85203065 88.95573448 89.08538489 89.22181443 89.38016395
 89.64168505 89.83962092 89.12737267 88.84686042 89.02278182 89.24537663
 89.34126845 89.3105382  89.21332679 89.0987459  88.95472949 88.76595959
 88.51739819 88.09106117 87.35827383 86.45845874 85.95571709 86.15748095
 86.75083393 87.4376531  88.09504744 88.66909312 89.13118846 89.48027759
 89.76005169 89.94106387 89.53044797 88.96192451 88.25226787 87.48212828
 86.82658809 86.55974276 86.82604283 87.40859271 87.99526684 88.42495006
 88.67720039 88.8124682  88.91196081 89.00937503 89.09559704 89.1689325
 89.16986725 88.97309709 88.51981083 88.07634378 88.0129259  88.2773827
 88.6973758  89.16460991 89.60992911 89.99200773 89.70207488 89.44845411
 89.16378462 88.72920284 88.06951088 87.2281914  86.40729604 85.91763988
 85.96705617 86.47256244 87.17737756 87.86131221 88.40527092 88.78004912
 89.03050909 89.24755051 89.51445547 89.86463381 89.71004596 89.25114249
 88.85101151 88.67999493 88.90328873 89.34209466 89.64610964 89.71317919
 89.6028934  89.4119228  89.22580264 89.08965169 88.99438362 88.86297539
 88.56615889 87.99201188 87.16506019 86.40750899 86.18349004 86.5428703
 87.19838776 87.91430357 88.56258645 89.0749008  89.43214042 89.67984644
 89.92245552 89.72930947 89.21882259 88.55895784 87.81782944 87.13241436
 86.75780633 86.95586737 87.58894279 88.23545142 88.66421632 88.85482663
 88.88455767 88.87018968 88.9175889  89.05500629 89.21364194 89.26914174
 89.08770402 88.58288261 87.94969429 87.73250158 88.01754182 88.532966
 89.10074763 89.61924194 89.98515166 89.74139054 89.59429572 89.41268697
 89.06187636 88.47747267 87.6998719  86.88538961 86.29789136 86.2021905
 86.63299206 87.34433479 88.04833304 88.57619715 88.88139889 89.01261292
 89.09059732 89.25636155 89.58313455 89.96347556 89.48138956 89.09360202
 88.98883119 89.36879218 89.89528986 89.90132076 89.99813084 89.71753763
 89.37989347 89.11968387 89.02879412 89.06619417 89.07024855 88.86904468
 88.35722271 87.55783743 86.75123717 86.42212513 86.7193017  87.36962106
 88.09677987 88.73717692 89.20066387 89.46163219 89.57679388 89.67782974
 89.90817154 89.65543664 89.02777706 88.28860396 87.57696517 87.1654822
 87.41450259 88.13428338 88.73712882 89.01971364 89.01677512 88.84256339
 88.67616772 88.69295402]","[ 0.          2.99418194  6.24906747  9.30400345 11.812992   13.58970413
 14.59091211 14.89130045 14.69027567 14.36162267 14.48486563 15.65584541
 18.01493162 21.0378251  23.87723805 25.84268544 26.72272282 26.81536712
 26.71135435 27.03826547 28.27371425 30.61162273 33.9136889  37.7798186
 41.67260969 45.02350327 47.32888643 48.33053706 48.3175816  48.19187957
 48.93086124 50.92538744 53.90961323 57.32004459 60.60840536 63.36912013
 65.34761208 66.41577945 66.57030485 65.9778804  65.04495144 64.40690562
 64.68607238 66.06977143 68.12302735 70.09735524 71.39091403 71.74985276
 71.20976043 69.96881683 68.30795515 66.56579194 65.12607193 64.36456892
 64.5199141  65.50993065 66.80507704 67.57451997 67.20243583 65.70401028
 63.58768992 61.46387039 59.82050501 58.94387173 58.89042198 59.5054053
 60.47810991 61.39546764 61.78806776 61.24124941 59.63936158 57.38323463
 55.25229893 53.92054049 53.58164155 53.97371988 54.63908365 55.13986933
 55.14089274 54.41575465 52.84356592 50.43327661 47.38620362 44.16865629
 41.48509455 39.96910569 39.64513517 39.78986804 39.50140873 38.24426769
 35.89857129 32.58950007 28.57565567 24.21743028 19.97294175 16.38522463
 13.9878527  12.97191238 12.79865674 12.45727806 11.16149945  8.72395718
  5.48646018  2.1984967   2.37150449  5.08582084  7.3082977   8.74693804
  9.35710979  9.24216827  8.77477096  8.76758859 10.1029126  12.69531285
 15.64801251 18.14028589 19.75571064 20.46615222 20.51476433 20.30654478
 20.33919464 21.11518007 22.96617026 25.87315716 29.44873282 33.06465587
 36.0178709  37.76340723 38.26973385 38.2015033  38.54632788 39.98545556
 42.62220736 46.12506528 49.98408586 53.69747919 56.85508    59.15563998
 60.41616024 60.63669413 60.14057213 59.64182504 59.96274436 61.47489486
 63.86202279 66.44781089 68.6271935  70.04857111 70.59590121 70.31719003
 69.37476695 68.03140169 66.65525612 65.69953479 65.58811642 66.47384668
 68.00033838 69.37329875 69.84989994 69.18948714 67.6352011  65.63173507
 63.63584985 62.04884182 61.16663705 61.11522241 61.80150189 62.90282921
 63.88987809 64.13467807 63.22838661 61.34470578 59.18291581 57.48772749
 56.66209686 56.70282976 57.3364013  58.1878141  58.88656847 59.10651158
 58.58472222 57.16690422 54.90434647 52.17030578 49.65849734 48.08016932
 47.65732787 47.94702089 48.22170134 47.90861994 46.71946635 44.58289079
 41.56954577 37.87257252 33.82847143 29.94003446 26.83643429 25.0447852
 24.51995089 24.41418736]","[0.02563881 0.03277775 0.04642917 0.05752708 0.06143956 0.05816854
 0.05046092 0.04131505 0.03435424 0.03356899 0.03928382 0.04761793
 0.05493148 0.05897319 0.05857886 0.05366757 0.04557611 0.03799426
 0.03732471 0.04442096 0.04877722 0.04478343 0.03979038 0.0405304
 0.0461867  0.0530119  0.05837306 0.0608296  0.05970463 0.0550215
 0.04761507 0.03973521 0.0373264  0.04567507 0.05633915 0.05979827
 0.05703113 0.05271345 0.05036628 0.05167474 0.05606069 0.06122748
 0.06454961 0.06416187 0.05974245 0.05336462 0.0499909  0.05402455
 0.06195759 0.06432091 0.05649838 0.04769456 0.05062943 0.06186014
 0.0726903  0.07921873 0.08010942 0.07495321 0.06513105 0.05599543
 0.05558553 0.0669933  0.08269474 0.09025206 0.08809077 0.08642792
 0.08810864 0.09064792 0.09237398 0.09306507 0.09274632 0.09172654
 0.09155411 0.09416674 0.10054827 0.11023301 0.12074815 0.12750656
 0.12659344 0.11905795 0.11070547 0.10723681 0.11014621 0.11685174
 0.12346153 0.12645242 0.12366971 0.11677992 0.11253645 0.11809737
 0.1342298  0.1522527  0.15581879 0.14330593 0.1336726  0.13306972
 0.13679842 0.14116243 0.14433206 0.14416482 0.14103771 0.14131593
 0.15190876 0.1733612  0.19874556 0.2159097  0.21693422 0.20760003
 0.19739875 0.19061124 0.18834474 0.19071869 0.19663556 0.20353047
 0.20857449 0.21072362 0.21210503 0.21724539 0.22983362 0.24867309
 0.26430122 0.26201569 0.24158106 0.22074985 0.21042039 0.20984554
 0.21445865 0.21871203 0.21741931 0.21160562 0.21140209 0.22787467
 0.26384738 0.30887692 0.33317308 0.31756156 0.28909955 0.27045467
 0.26426264 0.2677399  0.27710819 0.28780156 0.29712877 0.30633089
 0.3187252  0.33651607 0.35920985 0.38311795 0.40092617 0.4039333
 0.38972288 0.3664414  0.34560064 0.334112   0.33264898 0.33689769
 0.33980865 0.33621801 0.32878475 0.3288755  0.34902333 0.39413964
 0.45240896 0.47836619 0.44004857 0.38568507 0.35137902 0.33951869
 0.34390585 0.35639607 0.36892742 0.37961455 0.39517119 0.42473692
 0.47119912 0.52526736 0.56371428 0.56553496 0.53880516 0.50716004
 0.48455765 0.47449859 0.47554658 0.48363984 0.49322462 0.49939578
 0.50092024 0.50233479 0.51293    0.54196704 0.59130237 0.64350281
 0.65361001 0.60193244 0.53374002 0.48563586 0.46332644 0.45935755
 0.46284219 0.46573293]","[0.10422376 0.10435552 0.10588217 0.11113838 0.12304697 0.14152193
 0.16441645 0.19006316 0.21729343 0.24512604 0.27270794 0.29924697
 0.32366427 0.34382941 0.35567274 0.35356229 0.33396438 0.30022403
 0.26244125 0.2348023  0.23348786 0.26592989 0.32463497 0.40002798
 0.4854717  0.57447423 0.65651048 0.71323494 0.72293311 0.68028901
 0.60388544 0.51845423 0.44506878 0.40275272 0.40675377 0.45818428
 0.54275494 0.64363417 0.74722327 0.84213752 0.91870062 0.9699819
 0.99251471 0.98550308 0.94976275 0.88826077 0.80810109 0.72216806
 0.64959863 0.614074   0.63465228 0.71311434 0.83692745 0.99026799
 1.15654587 1.31328059 1.42496132 1.44772454 1.36244864 1.19815271
 1.00362188 0.82211393 0.69600221 0.66995372 0.75761572 0.92590048
 1.13431845 1.35016862 1.54064008 1.66991798 1.71202164 1.66805511
 1.56309128 1.42814978 1.28936892 1.16742367 1.08006024 1.04255632
 1.06407969 1.14344341 1.27068039 1.43238971 1.61415927 1.79862431
 1.96092834 2.06520794 2.07107136 1.95755785 1.74437077 1.480744
 1.22278672 1.03171221 0.97637872 1.08799799 1.32650006 1.63416981
 1.96257053 2.25882912 2.4546742  2.48934802 2.35837757 2.11745883
 1.83687156 1.5745653  1.3794462  1.29526256 1.34239808 1.49870715
 1.71883688 1.96039522 2.19066505 2.38562337 2.52840323 2.60691891
 2.61127388 2.53410963 2.37582135 2.15133662 1.892606   1.64692117
 1.47562326 1.44298686 1.57598787 1.84454177 2.19662651 2.5792617
 2.92935664 3.16336186 3.19935296 3.01432567 2.66662846 2.24997125
 1.85076861 1.55180237 1.44558379 1.57791702 1.88688777 2.28004196
 2.68194114 3.02558276 3.25232301 3.32958962 3.26396834 3.09163816
 2.85720893 2.60017922 2.3533131  2.14713561 2.01390073 1.98429127
 2.07422722 2.27528726 2.56128635 2.89817812 3.24470932 3.54646177
 3.73398214 3.73983083 3.53539894 3.155082   2.67952058 2.20376493
 1.83395352 1.70217578 1.88358408 2.29501283 2.81771753 3.35638342
 3.81530751 4.09521147 4.13049436 3.92898882 3.56408045 3.13074522
 2.71471278 2.39063192 2.22609721 2.25878972 2.46241879 2.76968422
 3.1168913  3.45726764 3.7576786  3.99261713 4.13851863 4.17118867
 4.06996754 3.82880836 3.46765665 3.03587215 2.60915944 2.29101014
 2.20555542 2.41303968 2.84705926 3.40363728 3.98574052 4.48803993
 4.7951507  4.81874181]",88.56654581512164,89.99813083772229,71.74985276413693,20.35401060944895,0.2037891478630752,8.474083167172509,95.1866274616221,3.5,646.0847277416119,3000,0.4369142689685222,0.1312171235980911,0.8,0.7015632327760054,1.2347593977918647,0.5207465905284885,29.890140117221865,0.1255527170324281,0.23475939779186528,0.07415652377206217,1.1099080416558564
oblate,0.8,20000.0,"[-4.   -3.98 -3.96 -3.94 -3.92 -3.9  -3.88 -3.86 -3.84 -3.82 -3.8  -3.78
 -3.76 -3.74 -3.72 -3.7  -3.68 -3.66 -3.64 -3.62 -3.6  -3.58 -3.56 -3.54
 -3.52 -3.5  -3.48 -3.46 -3.44 -3.42 -3.4  -3.38 -3.36 -3.34 -3.32 -3.3
 -3.28 -3.26 -3.24 -3.22 -3.2  -3.18 -3.16 -3.14 -3.12 -3.1  -3.08 -3.06
 -3.04 -3.02 -3.   -2.98 -2.96 -2.94 -2.92 -2.9  -2.88 -2.86 -2.84 -2.82
 -2.8  -2.78 -2.76 -2.74 -2.72 -2.7  -2.68 -2.66 -2.64 -2.62 -2.6  -2.58
 -2.56 -2.54 -2.52 -2.5  -2.48 -2.46 -2.44 -2.42 -2.4  -2.38 -2.36 -2.34
 -2.32 -2.3  -2.28 -2.26 -2.24 -2.22 -2.2  -2.18 -2.16 -2.14 -2.12 -2.1
 -2.08 -2.06 -2.04 -2.02 -2.   -1.98 -1.96 -1.94 -1.92 -1.9  -1.88 -1.86
 -1.84 -1.82 -1.8  -1.78 -1.76 -1.74 -1.72 -1.7  -1.68 -1.66 -1.64 -1.62
 -1.6  -1.58 -1.56 -1.54 -1.52 -1.5  -1.48 -1.46 -1.44 -1.42 -1.4  -1.38
 -1.36 -1.34 -1.32 -1.3  -1.28 -1.26 -1.24 -1.22 -1.2  -1.18 -1.16 -1.14
 -1.12 -1.1  -1.08 -1.06 -1.04 -1.02 -1.   -0.98 -0.96 -0.94 -0.92 -0.9
 -0.88 -0.86 -0.84 -0.82 -0.8  -0.78 -0.76 -0.74 -0.72 -0.7  -0.68 -0.66
 -0.64 -0.62 -0.6  -0.58 -0.56 -0.54 -0.52 -0.5  -0.48 -0.46 -0.44 -0.42
 -0.4  -0.38 -0.36 -0.34 -0.32 -0.3  -0.28 -0.26 -0.24 -0.22 -0.2  -0.18
 -0.16 -0.14 -0.12 -0.1  -0.08 -0.06 -0.04 -0.02]","[89.844324   89.8996625  89.53836407 89.96210122 88.70155041 87.58106612
 87.15627226 87.24695342 87.59671731 88.01323351 88.38007414 88.65017545
 88.83214663 88.96711193 89.09697153 89.23333575 89.3623879  89.50197513
 89.73530628 89.77702012 89.1032769  88.88282029 89.11162077 89.36086649
 89.46131055 89.4208435  89.30504455 89.16695444 88.99926044 88.78719353
 88.50951547 88.04451387 87.26632616 86.32688561 85.80950518 86.02412962
 86.64392899 87.3611826  88.04920574 88.65263328 89.14154525 89.51322196
 89.81011859 89.87939462 89.46157831 88.88885903 88.17770114 87.41055808
 86.76740189 86.52973339 86.84032367 87.46449331 88.07773679 88.5185772
 88.768539   88.88825473 88.96148836 89.03526925 89.11278038 89.18326909
 89.17459821 88.95480034 88.46174057 87.98197867 87.91869962 88.20488704
 88.65113394 89.14625552 89.61978465 89.97632375 89.66246638 89.41132772
 89.12942533 88.69291707 88.02826661 87.18426388 86.37061621 85.9052628
 85.99351997 86.53891426 87.27452171 87.97789467 88.52936519 88.89716932
 89.12301993 89.30086263 89.52983155 89.8610105  89.71498224 89.25402949
 88.86144397 88.72499268 89.01901426 89.4994581  89.78944548 89.82030068
 89.66370745 89.41819533 89.18486152 89.03514187 88.95957732 88.85352749
 88.56943435 87.99239763 87.15081211 86.38871729 86.19844783 86.60835543
 87.30461267 88.04859483 88.71261344 89.22513677 89.56346664 89.77386567
 89.96859499 89.72870801 89.2506435  88.60819303 87.87637933 87.20507744
 86.87221571 87.15262328 87.84878971 88.49609752 88.88421704 89.00775332
 88.94871464 88.84515778 88.84375292 88.99017321 89.18845156 89.28043459
 89.11473907 88.58324337 87.88711808 87.67900895 88.0247585  88.60054688
 89.22175189 89.7788491  89.81755787 89.60473567 89.51606123 89.39770929
 89.09871387 88.55076147 87.79815445 87.00602942 86.45449805 86.42274007
 86.9261198  87.68011535 88.38415478 88.87374883 89.10474857 89.13036787
 89.09271435 89.17048909 89.46325033 89.92954606 89.55593309 89.14329948
 89.06689359 89.58958296 89.8188517  89.69215254 89.90325856 89.70207084
 89.26386616 88.94781698 88.87028964 88.97983908 89.07644245 88.95410189
 88.49088726 87.70247639 86.89226488 86.61432337 87.00062145 87.7148686
 88.46781181 89.09905814 89.51813324 89.69855092 89.70332351 89.68245397
 89.80499554 89.83273233 89.2417636  88.51214823 87.80348836 87.44016312
 87.84871445 88.66719501 89.20260999 89.34166693 89.16822495 88.82476441
 88.53051747 88.49947427]","[ 0.          2.99418194  6.24906747  9.30400345 11.812992   13.58970413
 14.59091211 14.89130045 14.69027567 14.36162267 14.48486563 15.65584541
 18.01493162 21.0378251  23.87723805 25.84268544 26.72272282 26.81536712
 26.71135435 27.03826547 28.27371425 30.61162273 33.9136889  37.7798186
 41.67260969 45.02350327 47.32888643 48.33053706 48.3175816  48.19187957
 48.93086124 50.92538744 53.90961323 57.32004459 60.60840536 63.36912013
 65.34761208 66.41577945 66.57030485 65.9778804  65.04495144 64.40690562
 64.68607238 66.06977143 68.12302735 70.09735524 71.39091403 71.74985276
 71.20976043 69.96881683 68.30795515 66.56579194 65.12607193 64.36456892
 64.5199141  65.50993065 66.80507704 67.57451997 67.20243583 65.70401028
 63.58768992 61.46387039 59.82050501 58.94387173 58.89042198 59.5054053
 60.47810991 61.39546764 61.78806776 61.24124941 59.63936158 57.38323463
 55.25229893 53.92054049 53.58164155 53.97371988 54.63908365 55.13986933
 55.14089274 54.41575465 52.84356592 50.43327661 47.38620362 44.16865629
 41.48509455 39.96910569 39.64513517 39.78986804 39.50140873 38.24426769
 35.89857129 32.58950007 28.57565567 24.21743028 19.97294175 16.38522463
 13.9878527  12.97191238 12.79865674 12.45727806 11.16149945  8.72395718
  5.48646018  2.1984967   2.37150449  5.08582084  7.3082977   8.74693804
  9.35710979  9.24216827  8.77477096  8.76758859 10.1029126  12.69531285
 15.64801251 18.14028589 19.75571064 20.46615222 20.51476433 20.30654478
 20.33919464 21.11518007 22.96617026 25.87315716 29.44873282 33.06465587
 36.0178709  37.76340723 38.26973385 38.2015033  38.54632788 39.98545556
 42.62220736 46.12506528 49.98408586 53.69747919 56.85508    59.15563998
 60.41616024 60.63669413 60.14057213 59.64182504 59.96274436 61.47489486
 63.86202279 66.44781089 68.6271935  70.04857111 70.59590121 70.31719003
 69.37476695 68.03140169 66.65525612 65.69953479 65.58811642 66.47384668
 68.00033838 69.37329875 69.84989994 69.18948714 67.6352011  65.63173507
 63.63584985 62.04884182 61.16663705 61.11522241 61.80150189 62.90282921
 63.88987809 64.13467807 63.22838661 61.34470578 59.18291581 57.48772749
 56.66209686 56.70282976 57.3364013  58.1878141  58.88656847 59.10651158
 58.58472222 57.16690422 54.90434647 52.17030578 49.65849734 48.08016932
 47.65732787 47.94702089 48.22170134 47.90861994 46.71946635 44.58289079
 41.56954577 37.87257252 33.82847143 29.94003446 26.83643429 25.0447852
 24.51995089 24.41418736]","[0.03126414 0.04092939 0.05859206 0.07273374 0.07759418 0.07327457
 0.06329845 0.05144923 0.04234049 0.0412116  0.04853303 0.05919772
 0.06854032 0.07376106 0.07345483 0.06756262 0.05775517 0.04854519
 0.04769275 0.05637207 0.06172637 0.05660536 0.05000633 0.05040909
 0.05712316 0.06558144 0.07247441 0.07599082 0.07521151 0.06999828
 0.06134996 0.05222617 0.05001336 0.06058953 0.07330225 0.07664009
 0.07227839 0.06638073 0.06358132 0.06597268 0.07247296 0.07985057
 0.08470227 0.08479135 0.07996979 0.07313722 0.07040973 0.0765161
 0.0869394  0.09025909 0.08079708 0.06938451 0.07084329 0.08274396
 0.09536285 0.10366173 0.1057687  0.10091636 0.09077519 0.08236032
 0.08512728 0.10188743 0.12328381 0.13207572 0.12555337 0.119171
 0.11864397 0.12139791 0.12521664 0.12926652 0.13246878 0.13422872
 0.13622075 0.14119418 0.15082363 0.16462223 0.17909094 0.1879414
 0.18623134 0.17586179 0.16456592 0.15943695 0.16237868 0.17051098
 0.17910291 0.18351388 0.18093245 0.17381792 0.17113792 0.18208935
 0.20775238 0.23624894 0.24204505 0.21988226 0.19863317 0.19118178
 0.19340732 0.2002884  0.20812122 0.2127561  0.2138694  0.21887254
 0.23654089 0.26833266 0.30521793 0.32894739 0.32722824 0.30996796
 0.29293919 0.283197   0.28190811 0.28790247 0.29827214 0.30887406
 0.31611463 0.31930921 0.32208847 0.33115737 0.35192804 0.382743
 0.40904597 0.40676444 0.37408414 0.33841362 0.31779581 0.31283609
 0.31724243 0.32296227 0.32363193 0.32099028 0.32722433 0.35639521
 0.4132216  0.48298067 0.51760066 0.48648634 0.43632366 0.40386253
 0.39362937 0.40046932 0.41708672 0.43609856 0.45336582 0.46990356
 0.48996958 0.51723122 0.55186274 0.58876148 0.61644218 0.62098328
 0.59889971 0.56326545 0.5312799  0.51240135 0.50683564 0.50840124
 0.50880461 0.50349266 0.4971568  0.50420244 0.54116828 0.61576051
 0.71032334 0.74863959 0.67953886 0.58825938 0.53050152 0.50895734
 0.51321585 0.53102908 0.55254826 0.57564597 0.60723436 0.65780287
 0.73156387 0.8154613  0.87283742 0.87012279 0.82364464 0.77277975
 0.73830762 0.72367927 0.72475655 0.73449519 0.74541332 0.75231529
 0.75526591 0.76135886 0.78341819 0.83443122 0.91716814 1.00358707
 1.01735741 0.9293314  0.81866606 0.73975208 0.69864588 0.68442531
 0.68431187 0.69070425]","[0.13096238 0.13112214 0.13303112 0.13966731 0.15475565 0.17812336
 0.20700409 0.23929042 0.27352073 0.30847749 0.34311084 0.37644651
 0.40713552 0.43248148 0.44733062 0.44457619 0.41978945 0.37721985
 0.32962484 0.29490862 0.29346768 0.33461188 0.40881086 0.50394544
 0.61160625 0.72353707 0.82636352 0.8969551  0.90832083 0.85418946
 0.75792416 0.65055796 0.55862753 0.50612781 0.51218582 0.57782066
 0.68470284 0.8116062  0.94146274 1.0600186  1.15525769 1.21870109
 1.24620933 1.23690256 1.19182814 1.11466854 1.01426923 0.90676289
 0.81622953 0.77252967 0.79954558 0.89916918 1.05538523 1.24816618
 1.45639774 1.65139495 1.7885555  1.8144546  1.70680222 1.50107651
 1.2574343  1.03022666 0.87328044 0.84350325 0.95703394 1.17041909
 1.43241342 1.70179246 1.93724591 2.09485136 2.14418674 2.08768248
 1.95611245 1.7875692  1.61452759 1.46290458 1.35503751 1.31011833
 1.33938164 1.44076258 1.60130279 1.80402142 2.03069658 2.25924739
 2.45828399 2.58363438 2.58723596 2.4449533  2.18013998 1.85207034
 1.53048329 1.29323052 1.22910706 1.37628042 1.67988456 2.0661148
 2.47337822 2.83444293 3.06688893 3.10278094 2.93947728 2.64169949
 2.29361234 1.9675222  1.72583997 1.62491992 1.69014797 1.89061669
 2.1672648  2.46693486 2.74960294 2.98657961 3.1581931  3.25052154
 3.25216547 3.1546701  2.95857025 2.68145372 2.36173283 2.05787923
 1.84785501 1.81462145 1.99035134 2.33220537 2.7722914  3.24231965
 3.66223305 3.93314156 3.96627575 3.73928476 3.31600466 2.80393343
 2.30946608 1.93894822 1.81497908 1.99564302 2.39090542 2.88031367
 3.36993482 3.7793382  4.04295452 4.12782114 4.0438003  3.83243836
 3.54543663 3.2300827  2.92681111 2.67409863 2.51326707 2.48369838
 2.60422734 2.86107339 3.2187437  3.6329648  4.05096518 4.40573984
 4.617341   4.61338751 4.36459166 3.90702809 3.32948112 2.74492763
 2.28799021 2.13717355 2.38961952 2.9165956  3.5625184  4.20834749
 4.74016032 5.05155446 5.07981551 4.83676814 4.40025221 3.87611258
 3.36744171 2.96950612 2.77234813 2.8264104  3.09119856 3.47509592
 3.89857692 4.30650464 4.66106742 4.93357629 5.09776075 5.12715028
 4.99961176 4.70863768 4.27542077 3.75468164 3.23539764 2.84819706
 2.76134674 3.0482277  3.601815   4.28327758 4.97086977 5.54095399
 5.87244422 5.88196503]",88.60903221640606,89.97632374827607,71.74985276413693,20.35401060944895,0.3115820207054923,6.951541008986413,93.54714814859489,3.5,661.7669382128778,3000,0.6457822597788694,2.424903105452332,0.8,0.7015632327760054,1.2347593977918647,0.5207465905284885,29.890140117221865,0.1255527170324281,0.23475939779186528,0.07415652377206217,1.1099080416558564
prolate,1.2,8000.0,"[-4.   -3.98 -3.96 -3.94 -3.92 -3.9  -3.88 -3.86 -3.84 -3.82 -3.8  -3.78
 -3.76 -3.74 -3.72 -3.7  -3.68 -3.66 -3.64 -3.62 -3.6  -3.58 -3.56 -3.54
 -3.52 -3.5  -3.48 -3.46 -3.44 -3.42 -3.4  -3.38 -3.36 -3.34 -3.32 -3.3
 -3.28 -3.26 -3.24 -3.22 -3.2  -3.18 -3.16 -3.14 -3.12 -3.1  -3.08 -3.06
 -3.04 -3.02 -3.   -2.98 -2.96 -2.94 -2.92 -2.9  -2.88 -2.86 -2.84 -2.82
 -2.8  -2.78 -2.76 -2.74 -2.72 -2.7  -2.68 -2.66 -2.64 -2.62 -2.6  -2.58
 -2.56 -2.54 -2.52 -2.5  -2.48 -2.46 -2.44 -2.42 -2.4  -2.38 -2.36 -2.34
 -2.32 -2.3  -2.28 -2.26 -2.24 -2.22 -2.2  -2.18 -2.16 -2.14 -2.12 -2.1
 -2.08 -2.06 -2.04 -2.02 -2.   -1.98 -1.96 -1.94 -1.92 -1.9  -1.88 -1.86
 -1.84 -1.82 -1.8  -1.78 -1.76 -1.74 -1.72 -1.7  -1.68 -1.66 -1.64 -1.62
 -1.6  -1.58 -1.56 -1.54 -1.52 -1.5  -1.48 -1.46 -1.44 -1.42 -1.4  -1.38
 -1.36 -1.34 -1.32 -1.3  -1.28 -1.26 -1.24 -1.22 -1.2  -1.18 -1.16 -1.14
 -1.12 -1.1  -1.08 -1.06 -1.04 -1.02 -1.   -0.98 -0.96 -0.94 -0.92 -0.9
 -0.88 -0.86 -0.84 -0.82 -0.8  -0.78 -0.76 -0.74 -0.72 -0.7  -0.68 -0.66
 -0.64 -0.62 -0.6  -0.58 -0.56 -0.54 -0.52 -0.5  -0.48 -0.46 -0.44 -0.42
 -0.4  -0.38 -0.36 -0.34 -0.32 -0.3  -0.28 -0.26 -0.24 -0.22 -0.2  -0.18
 -0.16 -0.14 -0.12 -0.1  -0.08 -0.06 -0.04 -0.02]","[89.87674306 89.55829829 89.06286346 89.00060862 89.76037808 89.28147318
 88.6173698  88.2972543  88.25279632 88.39827578 88.64782242 88.92173188
 89.15594278 89.31894497 89.42438107 89.52996955 89.77835024 89.4740288
 87.44772053 84.1233124  82.71275108 83.34119777 84.34146596 85.2897905
 86.15891226 86.95644206 87.67568665 88.31487601 88.91895208 89.60166435
 89.4391318  87.86715248 85.15432214 81.1322814  78.38621021 78.97994612
 80.77154782 82.50527863 84.02065313 85.35877848 86.55207519 87.62132603
 88.62735419 89.71092345 88.91786434 86.97034189 84.08673963 80.22775747
 77.06744915 76.84727016 78.59151078 80.7102072  82.67889012 84.43434457
 85.9975922  87.39810853 88.70313881 89.9452413  88.35384286 86.31047518
 83.63767421 80.47994608 77.91692446 77.37815209 78.6530722  80.62989961
 82.66665519 84.56351881 86.28323735 87.83970008 89.28955074 89.25753012
 87.66659678 85.82803933 83.73139263 81.62228579 80.13196981 79.88487097
 80.81669857 82.38690136 84.15270315 85.89654717 87.53716195 89.05928958
 89.51388107 88.13637893 86.76649426 85.40643987 84.14711651 83.1930918
 82.79867942 83.09470271 83.98506639 85.24887984 86.68573191 88.16586115
 89.61687032 89.00158092 87.71923125 86.57257515 85.61742841 84.93078524
 84.59333792 84.65442627 85.10391184 85.87787801 86.89148002 88.06822333
 89.34912532 89.31405293 87.97307851 86.69977414 85.59879691 84.80280612
 84.43204235 84.52924844 85.03006988 85.80672638 86.73980211 87.75896801
 88.84312328 89.99980566 88.75906972 87.43910301 86.08695973 84.82380895
 83.87486932 83.51325121 83.85065842 84.70715684 85.78687817 86.88388471
 87.91916925 88.89833553 89.86668887 89.1243155  88.03782994 86.86167539
 85.62588372 84.46206932 83.70904374 83.82540645 84.80273215 86.08781814
 87.26931077 88.23593922 89.01793759 89.69210466 89.66095148 88.98831318
 88.27569476 87.53506526 86.8022313  86.18627828 85.99456517 86.63854606
 87.81593797 88.84355003 89.54336519 89.97797605 89.7596339  89.57920742
 89.40443671 89.20403698 89.00781733 88.88375407 88.91961004 89.24753785
 89.92983439 88.66646253 87.81140491 87.63862542 87.80531987 88.1169755
 88.49141507 88.87536361 89.22556715 89.53606769 89.86967613 89.65603811
 88.90101581 87.71207059 86.00879577 84.31792224 83.87536352 84.53551454
 85.52218393 86.52739121 87.48075357 88.36770456 89.18139693 89.93567383
 89.29820589 88.38994334 87.19311614 85.6010053  83.7011948  82.1825206
 82.03266658 83.03100679]","[ 0.          1.80030797  3.88303416  6.11033653  8.36319184 10.54658169
 12.58208984 14.39870727 15.92701323 17.09959031 17.8634782  18.2172641
 18.28513764 18.38750163 18.94672844 20.17959941 21.95710079 24.00792854
 26.11710367 28.15741275 30.05459779 31.75650606 33.21623237 34.38526538
 35.21601705 35.68118477 35.82569476 35.84623556 36.08845052 36.83137861
 38.07736896 39.63491868 41.30911938 42.97121177 44.54390276 45.97523936
 47.22099335 48.23480719 48.96468178 49.3602675  49.4060116  49.1959364
 48.99407467 49.1197831  49.70741891 50.66037308 51.80525767 53.00041318
 54.15049931 55.18938437 56.06313414 56.71856156 57.09733518 57.13927702
 56.80802406 56.15802651 55.41253028 54.90815714 54.86513876 55.25619647
 55.91219034 56.66014288 57.37101213 57.95406688 58.34047578 58.47044866
 58.28714917 57.74143567 56.8176945  55.59129434 54.28843248 53.24165526
 52.69627831 52.65869708 52.95255211 53.36190919 53.71139889 53.87822112
 53.77866037 53.35380925 52.56321331 51.39098214 49.86916686 48.11668096
 46.36553639 44.91549588 43.99723444 43.64374065 43.69284673 43.89679632
 44.02534302 43.90977654 43.44448155 42.57502531 41.28965674 39.62039469
 37.65328534 35.54066244 33.49979274 31.77773005 30.57457204 29.95435305
 29.80583588 29.88841034 29.92652693 29.68994215 29.03242444 27.89715326
 26.30532922 24.33922552 22.12572465 19.8236902  17.6153898  15.69570247
 14.24369248 13.36220151 13.00781973 12.97953937 12.99255241 12.77827632
 12.15732696 11.07397888  9.58997202  7.8486017   6.04318894  4.43111759
  3.40604875  3.343075    3.9676368   4.6878593   5.175985    5.35037013
  5.36483425  5.63369128  6.58155004  8.21862732 10.25298592 12.42010499
 14.56282941 16.59215263 18.44809083 20.07907469 21.43406096 22.46346056
 23.13099142 23.44512869 23.51908954 23.6305066  24.15525236 25.30717253
 26.97937147 28.90627288 30.86870534 32.74030325 34.45351919 35.96586209
 37.2416189  38.24477813 38.94094419 39.31286093 39.40139329 39.37251095
 39.53209885 40.15466714 41.2634322  42.67136885 44.17526652 45.64303418
 47.00112913 48.20519482 49.22064005 50.01259566 50.54262437 50.77449642
 50.69978293 50.39755647 50.09499036 50.09114719 50.53165956 51.3266154
 52.2940209  53.28534652 54.20622356 54.99695075 55.61313773 56.01353898
 56.15423214 55.99091675 55.49869802 54.72544829 53.86405838 53.22675628
 53.04047197 53.28742488 53.78949198 54.3616829  54.87173845 55.23397469
 55.38957352 55.29157217]","[0.0236168  0.03085007 0.04413676 0.05465086 0.0582575  0.05577142
 0.0504738  0.04519308 0.04219826 0.04279536 0.0465355  0.05164253
 0.05614376 0.05844745 0.05755457 0.05321494 0.04611568 0.03887076
 0.03779519 0.04358724 0.0459891  0.04566011 0.04689467 0.05027918
 0.05457809 0.0583386  0.06038633 0.05994396 0.05680648 0.0516805
 0.04633853 0.0428919  0.04176196 0.03918205 0.03460536 0.0402117
 0.05156842 0.06142017 0.06822484 0.07165365 0.07154204 0.06790936
 0.06116785 0.05280981 0.04622371 0.04481716 0.04739359 0.04695903
 0.04024078 0.04552112 0.06239769 0.07662264 0.08541443 0.08898546
 0.08778118 0.08233218 0.07339567 0.06287625 0.05540675 0.05586262
 0.06284267 0.06919005 0.07009731 0.0724434  0.08267323 0.09473703
 0.10348954 0.1074944  0.1067644  0.10182475 0.09354503 0.08399391
 0.07776533 0.07973938 0.08944419 0.10066902 0.10698059 0.10805104
 0.10926711 0.11329288 0.11842635 0.12237782 0.12386331 0.12246952
 0.11852608 0.11361929 0.11105838 0.11447588 0.12438982 0.1364441
 0.14426265 0.14459603 0.13955457 0.1338296  0.13100664 0.13210117
 0.1359979  0.14070036 0.14454377 0.14706397 0.14945028 0.15405251
 0.16221454 0.17191495 0.17862568 0.17880272 0.17212528 0.16138294
 0.15132196 0.14692186 0.1507424  0.16102117 0.17304288 0.18240655
 0.18764693 0.19085176 0.19515765 0.20108166 0.20601432 0.20673162
 0.20161933 0.19165063 0.180644   0.17452256 0.17844747 0.19241248
 0.20980612 0.2216166  0.22376461 0.22041892 0.21824656 0.21989269
 0.22361814 0.22578853 0.22312757 0.21518033 0.20598224 0.20251722
 0.21061211 0.23059112 0.25398702 0.26529973 0.25808812 0.24383742
 0.23413133 0.23186329 0.23512088 0.23967198 0.24001151 0.23364038
 0.22534398 0.22432735 0.23751243 0.26567922 0.29923023 0.31264737
 0.29413931 0.26843918 0.25238999 0.24728961 0.2506436  0.25805584
 0.26226488 0.25849859 0.25146675 0.25227082 0.26934951 0.30441787
 0.34842999 0.36802515 0.34193666 0.30678552 0.28533875 0.27791064
 0.2814719  0.29157802 0.30027221 0.30139493 0.29860153 0.30318455
 0.32454535 0.36492659 0.41464997 0.43833256 0.41038841 0.36870225
 0.34170749 0.33159717 0.33506921 0.34727949 0.36053525 0.36870632
 0.37394837 0.38559309 0.4122159  0.45512018 0.50211452 0.52147169
 0.49467386 0.45159161]","[0.09810665 0.09789732 0.09820369 0.10159181 0.11139259 0.12758754
 0.14817159 0.17196047 0.19838377 0.22686757 0.25632306 0.2844875
 0.30703686 0.31722675 0.30846002 0.28018613 0.23963142 0.19743798
 0.16573113 0.15936853 0.18735109 0.24034583 0.30681416 0.38075413
 0.45826634 0.53437686 0.60012488 0.64042802 0.63828998 0.58933753
 0.50783767 0.4141021  0.32728205 0.27061526 0.27017509 0.32735576
 0.42110979 0.53403173 0.65576766 0.77729548 0.88521859 0.95756198
 0.96822699 0.9076897  0.79521171 0.66108399 0.53222043 0.43620038
 0.40525367 0.45304321 0.56016175 0.70069819 0.85656823 1.01348765
 1.15370306 1.25090273 1.27480713 1.21257344 1.08407386 0.92575026
 0.77191813 0.65444194 0.6054857  0.6417453  0.74924947 0.90074105
 1.07280049 1.2458378  1.39831733 1.50321183 1.53325288 1.47763158
 1.35375684 1.19706546 1.04473943 0.93034095 0.88192269 0.91197907
 1.00981994 1.15166279 1.31306912 1.47162236 1.60507221 1.69130789
 1.7134946  1.66872985 1.572238   1.45195824 1.33910683 1.26125117
 1.23698411 1.27062105 1.35150285 1.46021743 1.57560489 1.67840514
 1.75310492 1.79002263 1.78760902 1.75343363 1.70255535 1.65351122
 1.62327916 1.62258907 1.65282975 1.70583712 1.7669271  1.8197867
 1.85124643 1.85469574 1.83162669 1.79127966 1.74873514 1.7217255
 1.72619801 1.77132166 1.85589133 1.96760836 2.08488646 2.18077949
 2.22965436 2.21569772 2.13881559 2.01409687 1.86675543 1.72740754
 1.62910508 1.6023103  1.66440677 1.81117583 2.01993677 2.25710405
 2.48079568 2.64258714 2.69835637 2.628113   2.44682569 2.19433244
 1.9184037  1.66808215 1.49672288 1.45736803 1.57239905 1.81489666
 2.13623507 2.48714134 2.81363945 3.05048738 3.13354587 3.03346242
 2.77588827 2.42193797 2.03717355 1.6828696  1.42922108 1.36066145
 1.51391557 1.83254724 2.24077655 2.67884102 3.08707264 3.39087932
 3.51185393 3.40972541 3.11245924 2.69455001 2.23534184 1.80514539
 1.48336271 1.37718143 1.54316962 1.90481391 2.36531826 2.85684758
 3.316291   3.66586354 3.82202912 3.73730116 3.43501043 2.99296087
 2.49954878 2.03386348 1.68057715 1.54918328 1.7021627  2.06584304
 2.53714913 3.04180579 3.51364182 3.87657416 4.05181715 3.99251977
 3.71512882 3.29100966 2.80994372 2.35740008 2.02015291 1.89241685
 2.02039991 2.34714704]",86.35717077897375,89.99980565901825,58.47044865922766,25.237018011406462,0.134115242770473,9.199445975276296,268.44822243317185,3.75,2056.3248144201157,3000,1.8821331463662705,-1.69463372102678,1.2,0.49999840754606956,0.8134830394065173,0.3918960007485781,26.926663732050265,0.07601210819750776,0.1865169605934821,0.05469406600784821,1.853568343515743
prolate,1.2,10000.0,"[-4.   -3.98 -3.96 -3.94 -3.92 -3.9  -3.88 -3.86 -3.84 -3.82 -3.8  -3.78
 -3.76 -3.74 -3.72 -3.7  -3.68 -3.66 -3.64 -3.62 -3.6  -3.58 -3.56 -3.54
 -3.52 -3.5  -3.48 -3.46 -3.44 -3.42 -3.4  -3.38 -3.36 -3.34 -3.32 -3.3
 -3.28 -3.26 -3.24 -3.22 -3.2  -3.18 -3.16 -3.14 -3.12 -3.1  -3.08 -3.06
 -3.04 -3.02 -3.   -2.98 -2.96 -2.94 -2.92 -2.9  -2.88 -2.86 -2.84 -2.82
 -2.8  -2.78 -2.76 -2.74 -2.72 -2.7  -2.68 -2.66 -2.64 -2.62 -2.6  -2.58
 -2.56 -2.54 -2.52 -2.5  -2.48 -2.46 -2.44 -2.42 -2.4  -2.38 -2.36 -2.34
 -2.32 -2.3  -2.28 -2.26 -2.24 -2.22 -2.2  -2.18 -2.16 -2.14 -2.12 -2.1
 -2.08 -2.06 -2.04 -2.02 -2.   -1.98 -1.96 -1.94 -1.92 -1.9  -1.88 -1.86
 -1.84 -1.82 -1.8  -1.78 -1.76 -1.74 -1.72 -1.7  -1.68 -1.66 -1.64 -1.62
 -1.6  -1.58 -1.56 -1.54 -1.52 -1.5  -1.48 -1.46 -1.44 -1.42 -1.4  -1.38
 -1.36 -1.34 -1.32 -1.3  -1.28 -1.26 -1.24 -1.22 -1.2  -1.18 -1.16 -1.14
 -1.12 -1.1  -1.08 -1.06 -1.04 -1.02 -1.   -0.98 -0.96 -0.94 -0.92 -0.9
 -0.88 -0.86 -0.84 -0.82 -0.8  -0.78 -0.76 -0.74 -0.72 -0.7  -0.68 -0.66
 -0.64 -0.62 -0.6  -0.58 -0.56 -0.54 -0.52 -0.5  -0.48 -0.46 -0.44 -0.42
 -0.4  -0.38 -0.36 -0.34 -0.32 -0.3  -0.28 -0.26 -0.24 -0.22 -0.2  -0.18
 -0.16 -0.14 -0.12 -0.1  -0.08 -0.06 -0.04 -0.02]","[89.72091956 89.9707929  89.59656532 89.67091494 89.38479062 88.358691
 87.73967842 87.52249762 87.60628176 87.88723648 88.26868144 88.66473081
 89.00905694 89.27172665 89.47149359 89.67306847 89.97496559 89.10859352
 86.91924083 83.41544774 82.03601502 82.8116816  83.95285936 85.01383053
 85.97004885 86.83511472 87.60783262 88.29145253 88.93608645 89.66143516
 89.32794406 87.68770193 84.88099818 80.76959238 78.05193032 78.72793687
 80.58808397 82.37602673 83.93246696 85.30134276 86.51823717 87.60700307
 88.63134679 89.73483489 88.86935909 86.89002595 83.96921606 80.09385724
 76.98841619 76.82474958 78.5780822  80.69553111 82.66471938 84.42178688
 85.98696349 87.39022651 88.69964038 89.94248523 88.34256789 86.2887909
 83.60903551 80.46621281 77.95730481 77.4633698  78.73388766 80.68640722
 82.70050582 84.58002694 86.2870146  87.83485864 89.27962386 89.27041399
 87.68153018 85.84555656 83.75647574 81.66826956 80.21264918 79.98964532
 80.91631736 82.46316801 84.20223267 85.92234298 87.54379797 89.05124867
 89.53317908 88.16519422 86.80452119 85.45457483 84.2078526  83.26939786
 82.88879132 83.18798417 84.06748573 85.31117842 86.72501982 88.18315993
 89.61463842 89.02098951 87.7542819  86.62254569 85.68187261 85.00864997
 84.68171823 84.747442   85.19321906 85.95529676 86.95156675 88.10877551
 89.3699938  89.31247791 87.9908531  86.73767377 85.65795553 84.88362967
 84.53221804 84.64176212 85.14366791 85.90960619 86.82376628 87.8211779
 88.88489255 89.97634986 88.75199941 87.44993631 86.1189546  84.88205996
 83.9652301  83.63755952 83.99889508 84.85860954 85.92182847 86.990678
 87.99440662 88.9454822  89.89313683 89.1124518  88.03911063 86.87884249
 85.66500709 84.53383415 83.82937734 84.00019705 85.00080631 86.26732147
 87.41101093 88.33664239 89.08072606 89.724494   89.64813583 88.98647318
 88.28287112 87.55450762 86.84077992 86.25758137 86.12513752 86.84047495
 88.02757647 89.01284711 89.66475635 89.94169129 89.71374963 89.56056658
 89.40316242 89.21076087 89.01905972 88.90201729 88.95099568 89.30405427
 89.82263076 88.50199595 87.66045199 87.53062784 87.73191175 88.06957465
 88.4656937  88.86849506 89.23234409 89.54849947 89.88211782 89.64312739
 88.88260001 87.67904442 85.94578362 84.23681406 83.82798159 84.51277772
 85.50718674 86.51573445 87.47379022 88.36855559 89.19057353 89.94812063
 89.28945758 88.3870788  87.19222463 85.59469508 83.68383843 82.17452827
 82.05957259 83.06814247]","[ 0.          1.80030797  3.88303416  6.11033653  8.36319184 10.54658169
 12.58208984 14.39870727 15.92701323 17.09959031 17.8634782  18.2172641
 18.28513764 18.38750163 18.94672844 20.17959941 21.95710079 24.00792854
 26.11710367 28.15741275 30.05459779 31.75650606 33.21623237 34.38526538
 35.21601705 35.68118477 35.82569476 35.84623556 36.08845052 36.83137861
 38.07736896 39.63491868 41.30911938 42.97121177 44.54390276 45.97523936
 47.22099335 48.23480719 48.96468178 49.3602675  49.4060116  49.1959364
 48.99407467 49.1197831  49.70741891 50.66037308 51.80525767 53.00041318
 54.15049931 55.18938437 56.06313414 56.71856156 57.09733518 57.13927702
 56.80802406 56.15802651 55.41253028 54.90815714 54.86513876 55.25619647
 55.91219034 56.66014288 57.37101213 57.95406688 58.34047578 58.47044866
 58.28714917 57.74143567 56.8176945  55.59129434 54.28843248 53.24165526
 52.69627831 52.65869708 52.95255211 53.36190919 53.71139889 53.87822112
 53.77866037 53.35380925 52.56321331 51.39098214 49.86916686 48.11668096
 46.36553639 44.91549588 43.99723444 43.64374065 43.69284673 43.89679632
 44.02534302 43.90977654 43.44448155 42.57502531 41.28965674 39.62039469
 37.65328534 35.54066244 33.49979274 31.77773005 30.57457204 29.95435305
 29.80583588 29.88841034 29.92652693 29.68994215 29.03242444 27.89715326
 26.30532922 24.33922552 22.12572465 19.8236902  17.6153898  15.69570247
 14.24369248 13.36220151 13.00781973 12.97953937 12.99255241 12.77827632
 12.15732696 11.07397888  9.58997202  7.8486017   6.04318894  4.43111759
  3.40604875  3.343075    3.9676368   4.6878593   5.175985    5.35037013
  5.36483425  5.63369128  6.58155004  8.21862732 10.25298592 12.42010499
 14.56282941 16.59215263 18.44809083 20.07907469 21.43406096 22.46346056
 23.13099142 23.44512869 23.51908954 23.6305066  24.15525236 25.30717253
 26.97937147 28.90627288 30.86870534 32.74030325 34.45351919 35.96586209
 37.2416189  38.24477813 38.94094419 39.31286093 39.40139329 39.37251095
 39.53209885 40.15466714 41.2634322  42.67136885 44.17526652 45.64303418
 47.00112913 48.20519482 49.22064005 50.01259566 50.54262437 50.77449642
 50.69978293 50.39755647 50.09499036 50.09114719 50.53165956 51.3266154
 52.2940209  53.28534652 54.20622356 54.99695075 55.61313773 56.01353898
 56.15423214 55.99091675 55.49869802 54.72544829 53.86405838 53.22675628
 53.04047197 53.28742488 53.78949198 54.3616829  54.87173845 55.23397469
 55.38957352 55.29157217]","[0.0260085  0.03390462 0.04855172 0.06011082 0.06386392 0.06085524
 0.05485284 0.04899342 0.0457826  0.04662403 0.0509284  0.0566671
 0.06165    0.06413217 0.06303388 0.05812101 0.05025145 0.04253982
 0.04195789 0.04825295 0.0502838  0.04966268 0.05110633 0.05502017
 0.05988175 0.06403198 0.06617757 0.06549925 0.06184239 0.05608747
 0.05033332 0.0470577  0.04660745 0.04419304 0.03844475 0.04374961
 0.05623353 0.06724192 0.07479542 0.07849473 0.07819105 0.07398038
 0.06642736 0.05733304 0.05063607 0.05006603 0.05381167 0.05371397
 0.04581464 0.05037262 0.06846209 0.08403947 0.09362436 0.09738559
 0.09587331 0.08978907 0.08010237 0.06908648 0.06199559 0.06379879
 0.07223044 0.07924325 0.07966477 0.08139201 0.09193144 0.1047143
 0.11394671 0.11802156 0.11704179 0.11172508 0.10315313 0.09370348
 0.08835785 0.09185027 0.10298642 0.11498205 0.12122464 0.12184764
 0.12280929 0.12678603 0.1318794  0.13573932 0.13716365 0.13587619
 0.1323418  0.12828565 0.12705871 0.13198368 0.14304161 0.15556244
 0.16319354 0.16297539 0.15735369 0.15116836 0.14802431 0.14900675
 0.15314243 0.15854116 0.16354681 0.16759725 0.17163391 0.17758042
 0.18637455 0.19593192 0.20196703 0.20121676 0.1935888  0.18209148
 0.17169467 0.16754534 0.17226391 0.1840397  0.19794915 0.20921789
 0.21595323 0.21990717 0.22411975 0.22930025 0.23312266 0.23254292
 0.22609073 0.21501685 0.20360325 0.19823601 0.20416292 0.22092822
 0.2411144  0.25479983 0.25743097 0.25348739 0.25025322 0.25077144
 0.25336873 0.25425454 0.25008031 0.24074806 0.23110009 0.22892189
 0.24021939 0.26462156 0.29204727 0.30480402 0.29603756 0.27922473
 0.26746684 0.2639763  0.2665573  0.27039219 0.26953233 0.26180092
 0.25314022 0.25393219 0.27135216 0.30545234 0.34448801 0.35867717
 0.33585526 0.3055896  0.28680313 0.28068062 0.28411714 0.29179144
 0.29564076 0.29104692 0.28400103 0.28709023 0.30914549 0.35119386
 0.40186612 0.42173871 0.38886064 0.34754273 0.32292752 0.31477703
 0.31920342 0.33063801 0.34012301 0.34144915 0.33936708 0.34669671
 0.3734576  0.4212601  0.47791863 0.50167397 0.46600479 0.41720576
 0.38662573 0.37589961 0.3807396  0.39512966 0.4103716  0.42010402
 0.42716953 0.44210929 0.47420083 0.52412293 0.57696881 0.59590718
 0.56216599 0.51215168]","[0.10528857 0.10502646 0.10525223 0.10885276 0.11964666 0.1374543
 0.15991653 0.18573478 0.21430205 0.24499667 0.27663272 0.30675925
 0.33072203 0.34130717 0.331526   0.30091137 0.25729214 0.21210032
 0.17835407 0.17213111 0.20287789 0.26013051 0.33160648 0.41098408
 0.49410761 0.57562326 0.64588187 0.68869616 0.68593435 0.63307415
 0.54550422 0.44504716 0.35234564 0.29251427 0.29322888 0.35511172
 0.45571131 0.57673355 0.70715993 0.83726447 0.95258602 1.02951089
 1.04021047 0.97475855 0.85391341 0.71016758 0.5724866  0.47065972
 0.43906528 0.49133247 0.60642654 0.75703464 0.92396127 1.09184468
 1.24152246 1.34473603 1.36927356 1.30177599 1.16367304 0.99401024
 0.82965774 0.70494385 0.65421162 0.69453772 0.81045628 0.97298068
 1.15721804 1.34216903 1.50466643 1.6157766  1.64660767 1.58601023
 1.45279192 1.28491748 1.12229333 1.00097094 0.95083417 0.98466689
 1.09052003 1.24287114 1.41563408 1.58483447 1.72667806 1.81764957
 1.8400466  1.7910829  1.68722127 1.55844458 1.43823892 1.35610383
 1.33169447 1.36916706 1.45672374 1.57344588 1.6967122  1.80601609
 1.88492592 1.92330107 1.91970657 1.88242513 1.8277079  1.77547999
 1.74390101 1.74427832 1.77777056 1.83530174 1.90096474 1.95730615
 1.99037836 1.99330235 1.96785129 1.92405618 1.87818495 1.84933943
 1.85465897 1.90388244 1.99544906 2.11580279 2.24150082 2.3436123
 2.39494035 2.3789536  2.2958131  2.16172653 2.00368619 1.85455321
 1.7499046  1.72252465 1.79089235 1.94996178 2.17479895 2.42887371
 2.6670022  2.83764095 2.89467699 2.81775039 2.62291969 2.35235551
 2.05699868 1.78956361 1.60769559 1.56862949 1.69559515 1.95828727
 2.30382712 2.67893368 3.02536924 3.2738984  3.35819781 3.24883324
 2.972748   2.59399398 2.18237635 1.80393694 1.53483881 1.4666549
 1.63684027 1.98192399 2.42034445 2.8878838  3.32007411 3.63784477
 3.7607088  3.6486529  3.33067569 2.884068   2.3930924  1.93368947
 1.59228399 1.48571252 1.6716938  2.06345039 2.5574748  3.08127588
 3.56672428 3.93152508 4.09034966 3.99628427 3.67341924 3.2017359
 2.67467167 2.17767176 1.80305053 1.67037815 1.84360369 2.23805837
 2.74328957 3.28018143 3.77770836 4.15576899 4.33417361 4.26674879
 3.97061588 3.51876878 3.00560369 2.52326175 2.16634298 2.03741438
 2.18331089 2.53811292]",86.33556309860596,89.97634985647778,58.47044865922766,25.237018011406462,0.1532739018121895,8.690567726052294,271.4380897166782,3.75,2040.868741503767,3000,1.989975429178408,-1.1424897116353605,1.2,0.49999840754606956,0.8134830394065173,0.3918960007485781,26.926663732050265,0.07601210819750776,0.1865169605934821,0.05469406600784821,1.853568343515743
prolate,1.2,20000.0,"[-4.   -3.98 -3.96 -3.94 -3.92 -3.9  -3.88 -3.86 -3.84 -3.82 -3.8  -3.78
 -3.76 -3.74 -3.72 -3.7  -3.68 -3.66 -3.64 -3.62 -3.6  -3.58 -3.56 -3.54
 -3.52 -3.5  -3.48 -3.46 -3.44 -3.42 -3.4  -3.38 -3.36 -3.34 -3.32 -3.3
 -3.28 -3.26 -3.24 -3.22 -3.2  -3.18 -3.16 -3.14 -3.12 -3.1  -3.08 -3.06
 -3.04 -3.02 -3.   -2.98 -2.96 -2.94 -2.92 -2.9  -2.88 -2.86 -2.84 -2.82
 -2.8  -2.78 -2.76 -2.74 -2.72 -2.7  -2.68 -2.66 -2.64 -2.62 -2.6  -2.58
 -2.56 -2.54 -2.52 -2.5  -2.48 -2.46 -2.44 -2.42 -2.4  -2.38 -2.36 -2.34
 -2.32 -2.3  -2.28 -2.26 -2.24 -2.22 -2.2  -2.18 -2.16 -2.14 -2.12 -2.1
 -2.08 -2.06 -2.04 -2.02 -2.   -1.98 -1.96 -1.94 -1.92 -1.9  -1.88 -1.86
 -1.84 -1.82 -1.8  -1.78 -1.76 -1.74 -1.72 -1.7  -1.68 -1.66 -1.64 -1.62
 -1.6  -1.58 -1.56 -1.54 -1.52 -1.5  -1.48 -1.46 -1.44 -1.42 -1.4  -1.38
 -1.36 -1.34 -1.32 -1.3  -1.28 -1.26 -1.24 -1.22 -1.2  -1.18 -1.16 -1.14
 -1.12 -1.1  -1.08 -1.06 -1.04 -1.02 -1.   -0.98 -0.96 -0.94 -0.92 -0.9
 -0.88 -0.86 -0.84 -0.82 -0.8  -0.78 -0.76 -0.74 -0.72 -0.7  -0.68 -0.66
 -0.64 -0.62 -0.6  -0.58 -0.56 -0.54 -0.52 -0.5  -0.48 -0.46 -0.44 -0.42
 -0.4  -0.38 -0.36 -0.34 -0.32 -0.3  -0.28 -0.26 -0.24 -0.22 -0.2  -0.18
 -0.16 -0.14 -0.12 -0.1  -0.08 -0.06 -0.04 -0.02]","[89.51400747 89.25267009 88.88248082 89.10486947 89.76672787 88.5866416
 87.85904226 87.56525023 87.59199772 87.82865352 88.17513094 88.54358764
 88.86580197 89.1093958  89.29119147 89.47736492 89.8242875  89.28734276
 87.03868302 83.49279055 82.08507029 82.8214418  83.92913497 84.96534112
 85.90455988 86.75862594 87.52433825 88.2025948  88.84126443 89.55995594
 89.43467224 87.79572255 84.98239337 80.8481277  78.08204563 78.71666042
 80.5543067  82.32965252 83.87920475 85.24462352 86.45989167 87.54721862
 88.56772299 89.66307199 88.95192989 86.98393212 84.07172048 80.18377034
 77.02004716 76.80902926 78.54727062 80.65932973 82.625797   84.3813499
 85.94581219 87.34874177 88.65542668 89.99670809 88.41401424 86.37969308
 83.71395987 80.56076694 78.00297187 77.46650322 78.72255992 80.66943193
 82.67913574 84.55494853 86.2596161  87.80680207 89.24947419 89.31050127
 87.74104281 85.92718187 83.85149359 81.75454948 80.26792395 80.01641426
 80.92807639 82.465417   84.19633989 85.90993297 87.52748867 89.03332596
 89.55371086 88.19409268 86.84846149 85.51451761 84.27589482 83.33245074
 82.93786821 83.22265284 84.09034079 85.32388644 86.72911894 88.18080983
 89.60798247 89.03105612 87.7687559  86.64340646 85.70993656 85.04201122
 84.71640953 84.7796165  85.2205413  85.97694795 86.96794119 88.12102631
 89.37911537 89.30655367 87.98934458 86.74199775 85.66839378 84.89879482
 84.54978771 84.65906985 85.15727321 85.91596678 86.82193067 87.81470791
 88.88011268 89.97497724 88.74506155 87.44199823 86.11475034 84.88314207
 83.97034514 83.64806976 84.0182277  84.88140856 85.93492264 86.98355775
 87.96610856 88.90657043 89.86000197 89.12941537 88.04154062 86.875089
 85.66097623 84.52711306 83.81553411 84.00067006 85.03505093 86.30804051
 87.42949018 88.3209519  89.03213064 89.65763567 89.70971347 89.0245857
 88.2942141  87.54485302 86.81315757 86.20532113 86.04765907 86.80905216
 88.06582459 89.04808286 89.66727187 89.97556189 89.78043905 89.64808568
 89.48919153 89.27059674 89.0363514  88.86873572 88.85842148 89.13953759
 89.96861974 88.59711401 87.66544501 87.55052514 87.77704566 88.1355837
 88.55092008 88.96958152 89.33577927 89.62791311 89.90598188 89.70317736
 89.05083286 87.96797795 86.28330709 84.40585009 83.90719199 84.60810347
 85.60777903 86.61343606 87.571808   88.47333099 89.29913928 89.9625092
 89.25951279 88.45992352 87.39925653 85.93114972 84.0441226  82.38564283
 82.191643   83.20159011]","[ 0.          1.80030797  3.88303416  6.11033653  8.36319184 10.54658169
 12.58208984 14.39870727 15.92701323 17.09959031 17.8634782  18.2172641
 18.28513764 18.38750163 18.94672844 20.17959941 21.95710079 24.00792854
 26.11710367 28.15741275 30.05459779 31.75650606 33.21623237 34.38526538
 35.21601705 35.68118477 35.82569476 35.84623556 36.08845052 36.83137861
 38.07736896 39.63491868 41.30911938 42.97121177 44.54390276 45.97523936
 47.22099335 48.23480719 48.96468178 49.3602675  49.4060116  49.1959364
 48.99407467 49.1197831  49.70741891 50.66037308 51.80525767 53.00041318
 54.15049931 55.18938437 56.06313414 56.71856156 57.09733518 57.13927702
 56.80802406 56.15802651 55.41253028 54.90815714 54.86513876 55.25619647
 55.91219034 56.66014288 57.37101213 57.95406688 58.34047578 58.47044866
 58.28714917 57.74143567 56.8176945  55.59129434 54.28843248 53.24165526
 52.69627831 52.65869708 52.95255211 53.36190919 53.71139889 53.87822112
 53.77866037 53.35380925 52.56321331 51.39098214 49.86916686 48.11668096
 46.36553639 44.91549588 43.99723444 43.64374065 43.69284673 43.89679632
 44.02534302 43.90977654 43.44448155 42.57502531 41.28965674 39.62039469
 37.65328534 35.54066244 33.49979274 31.77773005 30.57457204 29.95435305
 29.80583588 29.88841034 29.92652693 29.68994215 29.03242444 27.89715326
 26.30532922 24.33922552 22.12572465 19.8236902  17.6153898  15.69570247
 14.24369248 13.36220151 13.00781973 12.97953937 12.99255241 12.77827632
 12.15732696 11.07397888  9.58997202  7.8486017   6.04318894  4.43111759
  3.40604875  3.343075    3.9676368   4.6878593   5.175985    5.35037013
  5.36483425  5.63369128  6.58155004  8.21862732 10.25298592 12.42010499
 14.56282941 16.59215263 18.44809083 20.07907469 21.43406096 22.46346056
 23.13099142 23.44512869 23.51908954 23.6305066  24.15525236 25.30717253
 26.97937147 28.90627288 30.86870534 32.74030325 34.45351919 35.96586209
 37.2416189  38.24477813 38.94094419 39.31286093 39.40139329 39.37251095
 39.53209885 40.15466714 41.2634322  42.67136885 44.17526652 45.64303418
 47.00112913 48.20519482 49.22064005 50.01259566 50.54262437 50.77449642
 50.69978293 50.39755647 50.09499036 50.09114719 50.53165956 51.3266154
 52.2940209  53.28534652 54.20622356 54.99695075 55.61313773 56.01353898
 56.15423214 55.99091675 55.49869802 54.72544829 53.86405838 53.22675628
 53.04047197 53.28742488 53.78949198 54.3616829  54.87173845 55.23397469
 55.38957352 55.29157217]","[0.03257081 0.04262426 0.06106337 0.0756901  0.08079495 0.07757984
 0.07058428 0.0636091  0.05961051 0.06025192 0.06497796 0.07151878
 0.07728278 0.08014496 0.07878095 0.07291847 0.06364245 0.05471306
 0.05422408 0.06193285 0.06487659 0.0645671  0.06638797 0.07089622
 0.07644139 0.08114771 0.0835164  0.08258104 0.07812448 0.0712014
 0.06445166 0.06087346 0.06072296 0.05833877 0.05251359 0.05926408
 0.07398218 0.08700231 0.09595918 0.10036307 0.10008293 0.09526887
 0.08646421 0.07566733 0.06779797 0.06758374 0.07310814 0.07507125
 0.06848978 0.07329355 0.09263133 0.11036751 0.12172486 0.12654478
 0.12545716 0.11930662 0.10898756 0.09684296 0.08910801 0.09195802
 0.10346182 0.11444887 0.11729773 0.11847468 0.12798957 0.14130791
 0.15194397 0.15754152 0.15799748 0.15397964 0.1463653  0.1374997
 0.1329916  0.1385103  0.1533314  0.16959729 0.17809048 0.17754593
 0.17586474 0.17831543 0.18375418 0.18939748 0.19345094 0.19513186
 0.19451808 0.19325341 0.1949648  0.20329667 0.21812592 0.23377914
 0.24233359 0.2403222  0.23156283 0.2228939  0.21916193 0.22164592
 0.22889916 0.23838422 0.24795033 0.25676759 0.2655589  0.27578847
 0.28766454 0.29848614 0.30382824 0.30087635 0.29048636 0.27682553
 0.26581251 0.26297083 0.27081141 0.28728864 0.30699119 0.32416343
 0.33568753 0.34239818 0.34719926 0.35143361 0.35357258 0.35103191
 0.34258843 0.32991619 0.31807023 0.31434372 0.32465366 0.34860953
 0.37733479 0.39752322 0.40170833 0.39489124 0.38725761 0.38424979
 0.38491005 0.38485767 0.37987512 0.36956566 0.35949821 0.35937797
 0.37764504 0.41504579 0.45808129 0.47907543 0.46468336 0.43526572
 0.41255755 0.40302291 0.40395033 0.40835075 0.40834597 0.40091545
 0.39234025 0.39556465 0.42232213 0.47622619 0.54214374 0.56982425
 0.53165905 0.47720223 0.44103707 0.42686792 0.42926247 0.43916255
 0.44586385 0.44385187 0.43900222 0.44614709 0.47977906 0.54671596
 0.63423691 0.67517254 0.61906666 0.54356761 0.49617333 0.4782194
 0.48196915 0.49703915 0.51152999 0.51861928 0.5228522  0.53843361
 0.58045008 0.65660346 0.75371814 0.80142582 0.74056012 0.65252087
 0.59526514 0.57274834 0.57643285 0.59527992 0.61773184 0.6370068
 0.6558771  0.68545302 0.73813251 0.81843202 0.90791345 0.94493293
 0.88843141 0.80085099]","[0.13339567 0.13309965 0.13348417 0.13809996 0.15157881 0.17381529
 0.20198451 0.23445796 0.27045582 0.30918825 0.34916069 0.38728362
 0.41768125 0.43123396 0.41908157 0.38056914 0.32554609 0.26849307
 0.22595024 0.21813961 0.25674664 0.32884323 0.41903882 0.51929422
 0.62430851 0.72727936 0.81599533 0.87006176 0.86673536 0.80028675
 0.68991498 0.56312068 0.44604436 0.37039449 0.37105956 0.44907331
 0.57614944 0.72905871 0.89378678 1.05795728 1.20323323 1.29993733
 1.31350212 1.2316038  1.079742   0.89853836 0.72463745 0.59572573
 0.55540776 0.62135939 0.76687373 0.95716005 1.16783776 1.3793651
 1.56743345 1.69665404 1.72741765 1.64344053 1.47062551 1.2572325
 1.0497501  0.891762   0.82712221 0.87800614 1.02462985 1.22988956
 1.46212685 1.69467178 1.89824991 2.03687092 2.07534444 2.00027339
 1.83421886 1.62364521 1.41856143 1.26484825 1.20095823 1.24358748
 1.37737121 1.56953344 1.7868554  1.99901933 2.17623612 2.2895396
 2.31751787 2.25689867 2.12758131 1.96628375 1.81483671 1.71077838
 1.67950827 1.72656003 1.83682064 1.98355619 2.13812536 2.27484802
 2.37339093 2.42136023 2.41707151 2.37069778 2.30224973 2.23650679
 2.1963465  2.19622345 2.23776478 2.30956437 2.39160869 2.46207492
 2.50363704 2.50775264 2.47651381 2.42219741 2.36491828 2.32854819
 2.33473437 2.39587728 2.50996167 2.65968277 2.81548603 2.94157598
 3.00496569 2.98582322 2.88410935 2.71891365 2.52279245 2.33629387
 2.20423991 2.16880347 2.25423403 2.45394078 2.73520403 3.05074836
 3.34361882 3.55144235 3.62080104 3.52863602 3.29261872 2.96094716
 2.59450581 2.25870091 2.02697147 1.97506533 2.13533518 2.46693989
 2.89967886 3.36433192 3.78731885 4.08609848 4.18678697 4.05798885
 3.72813609 3.26777922 2.75905442 2.28381909 1.93856524 1.84647663
 2.06325429 2.50030596 3.04896355 3.62632778 4.15080461 4.5289744
 4.67355346 4.5437388  4.16917851 3.63200643 3.02902996 2.45369561
 2.01448505 1.86922372 2.10757502 2.60453917 3.22158484 3.86606472
 4.45208714 4.88319518 5.06834004 4.96092075 4.58525564 4.02399038
 3.38148928 2.76117996 2.2790229  2.097953   2.31936539 2.81955057
 3.44884787 4.10663069 4.70450723 5.14957866 5.35692132 5.28106964
 4.93950145 4.40664942 3.78557712 3.18561163 2.72665598 2.55131225
 2.73476591 3.18204946]",86.34894853386054,89.9967080918951,58.47044865922766,25.237018011406462,0.23933453021299,7.079093348177289,268.0768526602899,3.75,2027.1493766408216,3000,2.231557057912719,0.9423934723423169,1.2,0.49999840754606956,0.8134830394065173,0.3918960007485781,26.926663732050265,0.07601210819750776,0.1865169605934821,0.05469406600784821,1.853568343515743
